Age,Gender,BMI,Fat_Percentage,Session_Duration_Minutes,Workout_Frequency (days/week),Experience_Level,Type_of_Exercise,Age_Group,Workout_Plan_Label,Experience_Level_Label,Workout_Label,Gender_Encoded,Type_of_Exercise_Encoded,Age_Group_Encoded,Workout_Label_Encoded
56,Male,30.2,12.6,101,4,3,Yoga,Elderly,Advanced_Yoga_4x,Advanced,Advanced Yoga,1,3,0,3
46,Female,32.0,33.9,78,4,2,Endurance,Normal,Intermediate_Endurance_4x,Intermediate,Intermediate Endurance,0,1,1,9
32,Female,24.71,33.4,67,4,2,Cardio,Normal,Intermediate_Cardio_4x,Intermediate,Intermediate Cardio,0,0,1,8
25,Male,18.41,28.8,35,3,1,Strength,Normal,Beginner_Strength_3x,Beginner,Beginner Strength,1,2,1,6
38,Male,14.39,29.2,38,3,1,Strength,Normal,Beginner_Strength_3x,Beginner,Beginner Strength,1,2,1,6
56,Female,20.55,15.5,95,5,3,Endurance,Elderly,Advanced_Endurance_5x,Advanced,Advanced Endurance,0,1,0,1
36,Male,23.76,21.3,89,3,2,Cardio,Normal,Intermediate_Cardio_3x,Intermediate,Intermediate Cardio,1,0,1,8
40,Female,30.57,30.6,76,3,2,Cardio,Normal,Intermediate_Cardio_3x,Intermediate,Intermediate Cardio,0,0,1,8
28,Male,32.34,28.9,62,4,2,Strength,Normal,Intermediate_Strength_4x,Intermediate,Intermediate Strength,1,2,1,10
28,Male,30.07,29.7,65,3,1,Cardio,Normal,Beginner_Cardio_3x,Beginner,Beginner Cardio,1,0,1,4
41,Male,43.31,20.5,49,2,1,Endurance,Normal,Beginner_Endurance_2x,Beginner,Beginner Endurance,1,1,1,5
53,Male,17.89,23.6,69,3,2,Endurance,Elderly,Intermediate_Endurance_3x,Intermediate,Intermediate Endurance,1,1,0,9
57,Male,43.4,22.1,74,3,2,Cardio,Elderly,Intermediate_Cardio_3x,Intermediate,Intermediate Cardio,1,0,0,8
41,Male,23.62,27.6,71,3,1,Endurance,Normal,Beginner_Endurance_3x,Beginner,Beginner Endurance,1,1,1,5
20,Male,35.93,26.4,81,3,2,Yoga,Normal,Intermediate_Yoga_3x,Intermediate,Intermediate Yoga,1,3,1,11
39,Female,13.88,26.2,68,2,1,Strength,Normal,Beginner_Strength_2x,Beginner,Beginner Strength,0,2,1,6
19,Female,27.34,29.8,80,3,2,Endurance,Normal,Intermediate_Endurance_3x,Intermediate,Intermediate Endurance,0,1,1,9
41,Female,13.98,31.9,71,3,1,Cardio,Normal,Beginner_Cardio_3x,Beginner,Beginner Cardio,0,0,1,4
47,Female,21.81,32.8,68,3,2,Strength,Normal,Intermediate_Strength_3x,Intermediate,Intermediate Strength,0,2,1,10
55,Female,26.96,25.2,82,2,1,Endurance,Elderly,Beginner_Endurance_2x,Beginner,Beginner Endurance,0,1,0,5
19,Male,28.41,28.9,90,4,2,Strength,Normal,Intermediate_Strength_4x,Intermediate,Intermediate Strength,1,2,1,10
38,Male,22.95,25.7,67,2,1,Cardio,Normal,Beginner_Cardio_2x,Beginner,Beginner Cardio,1,0,1,4
50,Female,25.16,33.1,70,2,1,Yoga,Normal,Beginner_Yoga_2x,Beginner,Beginner Yoga,0,3,1,7
29,Male,38.16,28.1,47,2,1,Yoga,Normal,Beginner_Yoga_2x,Beginner,Beginner Yoga,1,3,1,7
39,Female,22.51,26.9,75,4,2,Endurance,Normal,Intermediate_Endurance_4x,Intermediate,Intermediate Endurance,0,1,1,9
42,Female,21.78,26.1,85,3,2,Yoga,Normal,Intermediate_Yoga_3x,Intermediate,Intermediate Yoga,0,3,1,11
44,Male,20.12,27.2,44,2,1,Endurance,Normal,Beginner_Endurance_2x,Beginner,Beginner Endurance,1,1,1,5
59,Male,17.6,21.6,89,4,2,Strength,Elderly,Intermediate_Strength_4x,Intermediate,Intermediate Strength,1,2,0,10
45,Male,24.54,14.2,98,5,3,Endurance,Normal,Advanced_Endurance_5x,Advanced,Advanced Endurance,1,1,1,1
33,Female,27.64,32.3,77,3,2,Endurance,Normal,Intermediate_Endurance_3x,Intermediate,Intermediate Endurance,0,1,1,9
32,Male,33.4,28.4,76,3,1,Endurance,Normal,Beginner_Endurance_3x,Beginner,Beginner Endurance,1,1,1,5
20,Female,28.31,28.0,62,4,2,Yoga,Normal,Intermediate_Yoga_4x,Intermediate,Intermediate Yoga,0,3,1,11
54,Female,19.37,28.2,89,2,1,Endurance,Elderly,Beginner_Endurance_2x,Beginner,Beginner Endurance,0,1,0,5
24,Female,25.83,31.7,62,2,1,Cardio,Normal,Beginner_Cardio_2x,Beginner,Beginner Cardio,0,0,1,4
38,Male,27.84,10.2,91,5,3,Endurance,Normal,Advanced_Endurance_5x,Advanced,Advanced Endurance,1,1,1,1
26,Male,42.63,27.3,79,3,1,Strength,Normal,Beginner_Strength_3x,Beginner,Beginner Strength,1,2,1,6
56,Female,24.37,33.4,76,4,2,Cardio,Elderly,Intermediate_Cardio_4x,Intermediate,Intermediate Cardio,0,0,0,8
35,Male,33.14,24.2,80,3,2,Strength,Normal,Intermediate_Strength_3x,Intermediate,Intermediate Strength,1,2,1,10
21,Male,19.11,27.6,78,4,2,Strength,Normal,Intermediate_Strength_4x,Intermediate,Intermediate Strength,1,2,1,10
42,Male,17.77,21.7,79,3,2,Strength,Normal,Intermediate_Strength_3x,Intermediate,Intermediate Strength,1,2,1,10
31,Female,21.4,28.2,89,2,1,Cardio,Normal,Beginner_Cardio_2x,Beginner,Beginner Cardio,0,0,1,4
26,Female,17.3,34.7,65,3,1,Cardio,Normal,Beginner_Cardio_3x,Beginner,Beginner Cardio,0,0,1,4
43,Male,33.8,29.9,87,4,2,Yoga,Normal,Intermediate_Yoga_4x,Intermediate,Intermediate Yoga,1,3,1,11
19,Female,23.93,30.1,68,2,1,Cardio,Normal,Beginner_Cardio_2x,Beginner,Beginner Cardio,0,0,1,4
37,Male,40.1,29.3,90,2,1,Endurance,Normal,Beginner_Endurance_2x,Beginner,Beginner Endurance,1,1,1,5
45,Male,15.31,25.2,72,3,1,Strength,Normal,Beginner_Strength_3x,Beginner,Beginner Strength,1,2,1,6
24,Male,18.07,22.9,50,3,1,Yoga,Normal,Beginner_Yoga_3x,Beginner,Beginner Yoga,1,3,1,7
25,Male,23.17,22.7,85,2,1,Cardio,Normal,Beginner_Cardio_2x,Beginner,Beginner Cardio,1,0,1,4
52,Female,20.42,34.3,74,3,1,Strength,Elderly,Beginner_Strength_3x,Beginner,Beginner Strength,0,2,0,6
31,Female,33.61,26.7,62,4,2,Cardio,Normal,Intermediate_Cardio_4x,Intermediate,Intermediate Cardio,0,0,1,8
34,Female,19.43,30.8,85,3,2,Yoga,Normal,Intermediate_Yoga_3x,Intermediate,Intermediate Yoga,0,3,1,11
53,Male,27.18,12.8,100,5,3,Cardio,Elderly,Advanced_Cardio_5x,Advanced,Advanced Cardio,1,0,0,0
57,Male,34.18,27.4,68,3,1,Cardio,Elderly,Beginner_Cardio_3x,Beginner,Beginner Cardio,1,0,0,4
21,Male,32.69,25.0,76,3,1,Strength,Normal,Beginner_Strength_3x,Beginner,Beginner Strength,1,2,1,6
19,Female,22.78,27.7,49,3,1,Endurance,Normal,Beginner_Endurance_3x,Beginner,Beginner Endurance,0,1,1,5
23,Male,44.84,21.7,88,4,2,Cardio,Normal,Intermediate_Cardio_4x,Intermediate,Intermediate Cardio,1,0,1,8
59,Female,28.35,31.2,84,3,2,Yoga,Elderly,Intermediate_Yoga_3x,Intermediate,Intermediate Yoga,0,3,0,11
21,Female,21.77,32.2,65,3,1,Cardio,Normal,Beginner_Cardio_3x,Beginner,Beginner Cardio,0,0,1,4
46,Female,20.86,17.8,100,4,3,Cardio,Normal,Advanced_Cardio_4x,Advanced,Advanced Cardio,0,0,1,0
35,Female,16.99,32.4,34,2,1,Endurance,Normal,Beginner_Endurance_2x,Beginner,Beginner Endurance,0,1,1,5
43,Female,22.45,26.4,62,3,2,Strength,Normal,Intermediate_Strength_3x,Intermediate,Intermediate Strength,0,2,1,10
51,Female,16.86,33.8,65,4,2,Yoga,Elderly,Intermediate_Yoga_4x,Intermediate,Intermediate Yoga,0,3,0,11
27,Male,32.93,12.9,105,5,3,Strength,Normal,Advanced_Strength_5x,Advanced,Advanced Strength,1,2,1,2
53,Male,17.11,21.3,74,3,2,Strength,Elderly,Intermediate_Strength_3x,Intermediate,Intermediate Strength,1,2,0,10
31,Female,22.28,17.3,118,5,3,Strength,Normal,Advanced_Strength_5x,Advanced,Advanced Strength,0,2,1,2
48,Female,25.89,33.4,37,2,1,Cardio,Normal,Beginner_Cardio_2x,Beginner,Beginner Cardio,0,0,1,4
32,Male,33.55,14.5,119,5,3,Endurance,Normal,Advanced_Endurance_5x,Advanced,Advanced Endurance,1,1,1,1
25,Female,20.88,27.6,53,3,1,Cardio,Normal,Beginner_Cardio_3x,Beginner,Beginner Cardio,0,0,1,4
31,Female,19.72,18.6,109,4,3,Yoga,Normal,Advanced_Yoga_4x,Advanced,Advanced Yoga,0,3,1,3
40,Male,39.12,21.0,79,4,2,Endurance,Normal,Intermediate_Endurance_4x,Intermediate,Intermediate Endurance,1,1,1,9
57,Female,27.7,15.2,104,5,3,Strength,Elderly,Advanced_Strength_5x,Advanced,Advanced Strength,0,2,0,2
38,Female,25.89,30.6,88,3,2,Endurance,Normal,Intermediate_Endurance_3x,Intermediate,Intermediate Endurance,0,1,1,9
33,Female,15.24,31.9,64,4,2,Yoga,Normal,Intermediate_Yoga_4x,Intermediate,Intermediate Yoga,0,3,1,11
35,Male,21.88,28.0,65,3,2,Cardio,Normal,Intermediate_Cardio_3x,Intermediate,Intermediate Cardio,1,0,1,8
41,Male,35.86,23.4,68,4,2,Cardio,Normal,Intermediate_Cardio_4x,Intermediate,Intermediate Cardio,1,0,1,8
43,Male,16.76,20.1,65,3,1,Strength,Normal,Beginner_Strength_3x,Beginner,Beginner Strength,1,2,1,6
42,Female,18.15,29.8,82,3,1,Cardio,Normal,Beginner_Cardio_3x,Beginner,Beginner Cardio,0,0,1,4
58,Female,21.58,25.2,38,2,1,Cardio,Elderly,Beginner_Cardio_2x,Beginner,Beginner Cardio,0,0,0,4
46,Male,33.16,20.9,71,2,1,Yoga,Normal,Beginner_Yoga_2x,Beginner,Beginner Yoga,1,3,1,7
32,Female,24.72,16.6,112,5,3,Endurance,Normal,Advanced_Endurance_5x,Advanced,Advanced Endurance,0,1,1,1
18,Female,17.27,29.4,72,2,1,Cardio,Normal,Beginner_Cardio_2x,Beginner,Beginner Cardio,0,0,1,4
42,Female,19.65,16.4,107,5,3,Yoga,Normal,Advanced_Yoga_5x,Advanced,Advanced Yoga,0,3,1,3
24,Female,23.53,30.8,52,3,1,Yoga,Normal,Beginner_Yoga_3x,Beginner,Beginner Yoga,0,3,1,7
26,Female,28.87,25.6,65,2,1,Strength,Normal,Beginner_Strength_2x,Beginner,Beginner Strength,0,2,1,6
41,Male,21.53,21.4,68,3,2,Yoga,Normal,Intermediate_Yoga_3x,Intermediate,Intermediate Yoga,1,3,1,11
18,Female,19.42,32.0,76,4,2,Strength,Normal,Intermediate_Strength_4x,Intermediate,Intermediate Strength,0,2,1,10
25,Male,29.71,21.4,80,3,2,Cardio,Normal,Intermediate_Cardio_3x,Intermediate,Intermediate Cardio,1,0,1,8
41,Female,22.89,31.4,87,4,2,Strength,Normal,Intermediate_Strength_4x,Intermediate,Intermediate Strength,0,2,1,10
28,Male,29.61,20.5,65,4,2,Yoga,Normal,Intermediate_Yoga_4x,Intermediate,Intermediate Yoga,1,3,1,11
34,Female,29.53,29.1,38,2,1,Endurance,Normal,Beginner_Endurance_2x,Beginner,Beginner Endurance,0,1,1,5
25,Male,31.44,10.9,116,4,3,Endurance,Normal,Advanced_Endurance_4x,Advanced,Advanced Endurance,1,1,1,1
52,Female,21.53,15.5,108,4,3,Cardio,Elderly,Advanced_Cardio_4x,Advanced,Advanced Cardio,0,0,0,0
52,Male,27.85,25.7,76,3,2,Cardio,Elderly,Intermediate_Cardio_3x,Intermediate,Intermediate Cardio,1,0,0,8
50,Female,22.31,34.3,76,3,1,Endurance,Normal,Beginner_Endurance_3x,Beginner,Beginner Endurance,0,1,1,5
22,Male,30.3,20.5,75,3,2,Strength,Normal,Intermediate_Strength_3x,Intermediate,Intermediate Strength,1,2,1,10
59,Female,22.15,29.2,35,3,1,Cardio,Elderly,Beginner_Cardio_3x,Beginner,Beginner Cardio,0,0,0,4
56,Male,40.71,27.1,77,2,1,Yoga,Elderly,Beginner_Yoga_2x,Beginner,Beginner Yoga,1,3,0,7
58,Male,37.56,24.6,80,3,1,Cardio,Elderly,Beginner_Cardio_3x,Beginner,Beginner Cardio,1,0,0,4
45,Female,26.05,33.1,69,4,2,Strength,Normal,Intermediate_Strength_4x,Intermediate,Intermediate Strength,0,2,1,10
24,Female,18.76,15.9,118,4,3,Cardio,Normal,Advanced_Cardio_4x,Advanced,Advanced Cardio,0,0,1,0
26,Male,29.61,29.6,70,3,2,Yoga,Normal,Intermediate_Yoga_3x,Intermediate,Intermediate Yoga,1,3,1,11
25,Female,15.7,28.9,89,4,2,Yoga,Normal,Intermediate_Yoga_4x,Intermediate,Intermediate Yoga,0,3,1,11
29,Male,22.61,23.4,72,3,2,Yoga,Normal,Intermediate_Yoga_3x,Intermediate,Intermediate Yoga,1,3,1,11
51,Male,34.5,28.7,32,3,1,Strength,Elderly,Beginner_Strength_3x,Beginner,Beginner Strength,1,2,0,6
50,Male,18.12,25.6,58,3,1,Strength,Normal,Beginner_Strength_3x,Beginner,Beginner Strength,1,2,1,6
40,Female,17.54,17.6,107,5,3,Yoga,Normal,Advanced_Yoga_5x,Advanced,Advanced Yoga,0,3,1,3
41,Male,18.66,27.3,31,2,1,Yoga,Normal,Beginner_Yoga_2x,Beginner,Beginner Yoga,1,3,1,7
54,Male,23.09,12.9,104,5,3,Strength,Elderly,Advanced_Strength_5x,Advanced,Advanced Strength,1,2,0,2
52,Female,31.41,26.6,83,3,2,Strength,Elderly,Intermediate_Strength_3x,Intermediate,Intermediate Strength,0,2,0,10
57,Female,29.87,31.7,61,4,2,Strength,Elderly,Intermediate_Strength_4x,Intermediate,Intermediate Strength,0,2,0,10
39,Female,21.64,26.3,86,3,2,Endurance,Normal,Intermediate_Endurance_3x,Intermediate,Intermediate Endurance,0,1,1,9
44,Female,25.68,33.1,85,4,2,Strength,Normal,Intermediate_Strength_4x,Intermediate,Intermediate Strength,0,2,1,10
52,Male,25.81,14.9,107,4,3,Yoga,Elderly,Advanced_Yoga_4x,Advanced,Advanced Yoga,1,3,0,3
18,Male,23.52,11.9,103,4,3,Endurance,Normal,Advanced_Endurance_4x,Advanced,Advanced Endurance,1,1,1,1
52,Male,27.85,24.4,61,4,2,Strength,Elderly,Intermediate_Strength_4x,Intermediate,Intermediate Strength,1,2,0,10
54,Male,23.74,20.5,33,3,1,Yoga,Elderly,Beginner_Yoga_3x,Beginner,Beginner Yoga,1,3,0,7
31,Female,16.52,25.1,65,3,2,Cardio,Normal,Intermediate_Cardio_3x,Intermediate,Intermediate Cardio,0,0,1,8
20,Male,20.88,14.6,101,5,3,Endurance,Normal,Advanced_Endurance_5x,Advanced,Advanced Endurance,1,1,1,1
18,Male,30.52,21.3,85,2,1,Yoga,Normal,Beginner_Yoga_2x,Beginner,Beginner Yoga,1,3,1,7
22,Female,26.65,29.5,61,4,2,Cardio,Normal,Intermediate_Cardio_4x,Intermediate,Intermediate Cardio,0,0,1,8
43,Male,24.16,28.2,73,4,2,Yoga,Normal,Intermediate_Yoga_4x,Intermediate,Intermediate Yoga,1,3,1,11
31,Male,27.96,28.9,77,3,2,Strength,Normal,Intermediate_Strength_3x,Intermediate,Intermediate Strength,1,2,1,10
56,Male,34.06,25.2,60,2,1,Strength,Elderly,Beginner_Strength_2x,Beginner,Beginner Strength,1,2,0,6
44,Male,29.26,25.7,77,4,2,Cardio,Normal,Intermediate_Cardio_4x,Intermediate,Intermediate Cardio,1,0,1,8
26,Male,30.54,13.3,118,5,3,Strength,Normal,Advanced_Strength_5x,Advanced,Advanced Strength,1,2,1,2
32,Male,29.95,29.6,77,3,1,Yoga,Normal,Beginner_Yoga_3x,Beginner,Beginner Yoga,1,3,1,7
32,Female,21.41,31.0,31,2,1,Cardio,Normal,Beginner_Cardio_2x,Beginner,Beginner Cardio,0,0,1,4
43,Female,17.88,17.8,119,4,3,Yoga,Normal,Advanced_Yoga_4x,Advanced,Advanced Yoga,0,3,1,3
59,Male,34.24,20.1,40,3,1,Yoga,Elderly,Beginner_Yoga_3x,Beginner,Beginner Yoga,1,3,0,7
30,Male,22.43,10.4,97,5,3,Yoga,Normal,Advanced_Yoga_5x,Advanced,Advanced Yoga,1,3,1,3
49,Female,14.93,30.8,74,3,2,Strength,Normal,Intermediate_Strength_3x,Intermediate,Intermediate Strength,0,2,1,10
56,Male,15.08,29.4,41,3,1,Strength,Elderly,Beginner_Strength_3x,Beginner,Beginner Strength,1,2,0,6
49,Male,21.78,14.3,115,5,3,Yoga,Normal,Advanced_Yoga_5x,Advanced,Advanced Yoga,1,3,1,3
21,Male,45.43,29.8,83,3,2,Endurance,Normal,Intermediate_Endurance_3x,Intermediate,Intermediate Endurance,1,1,1,9
47,Female,18.26,30.3,85,4,2,Yoga,Normal,Intermediate_Yoga_4x,Intermediate,Intermediate Yoga,0,3,1,11
54,Male,22.64,27.9,70,2,1,Yoga,Elderly,Beginner_Yoga_2x,Beginner,Beginner Yoga,1,3,0,7
40,Female,24.5,33.4,79,3,2,Cardio,Normal,Intermediate_Cardio_3x,Intermediate,Intermediate Cardio,0,0,1,8
56,Male,24.55,26.5,40,2,1,Yoga,Elderly,Beginner_Yoga_2x,Beginner,Beginner Yoga,1,3,0,7
32,Female,26.86,28.4,74,2,1,Strength,Normal,Beginner_Strength_2x,Beginner,Beginner Strength,0,2,1,6
46,Female,22.08,17.3,101,4,3,Cardio,Normal,Advanced_Cardio_4x,Advanced,Advanced Cardio,0,0,1,0
53,Male,24.75,28.6,53,3,1,Endurance,Elderly,Beginner_Endurance_3x,Beginner,Beginner Endurance,1,1,0,5
30,Female,30.18,28.0,76,4,2,Cardio,Normal,Intermediate_Cardio_4x,Intermediate,Intermediate Cardio,0,0,1,8
49,Male,31.61,29.2,83,2,1,Endurance,Normal,Beginner_Endurance_2x,Beginner,Beginner Endurance,1,1,1,5
24,Female,19.63,27.3,85,4,2,Cardio,Normal,Intermediate_Cardio_4x,Intermediate,Intermediate Cardio,0,0,1,8
39,Male,23.05,27.5,58,3,1,Cardio,Normal,Beginner_Cardio_3x,Beginner,Beginner Cardio,1,0,1,4
45,Male,27.93,13.2,92,4,3,Endurance,Normal,Advanced_Endurance_4x,Advanced,Advanced Endurance,1,1,1,1
19,Female,23.59,32.5,77,3,2,Strength,Normal,Intermediate_Strength_3x,Intermediate,Intermediate Strength,0,2,1,10
59,Male,13.23,24.4,64,3,1,Strength,Elderly,Beginner_Strength_3x,Beginner,Beginner Strength,1,2,0,6
23,Male,25.65,29.3,42,3,1,Strength,Normal,Beginner_Strength_3x,Beginner,Beginner Strength,1,2,1,6
45,Female,20.55,31.3,88,3,1,Cardio,Normal,Beginner_Cardio_3x,Beginner,Beginner Cardio,0,0,1,4
45,Male,14.54,22.9,88,3,2,Yoga,Normal,Intermediate_Yoga_3x,Intermediate,Intermediate Yoga,1,3,1,11
37,Male,28.97,26.4,32,2,1,Cardio,Normal,Beginner_Cardio_2x,Beginner,Beginner Cardio,1,0,1,4
47,Female,26.1,16.4,117,4,3,Yoga,Normal,Advanced_Yoga_4x,Advanced,Advanced Yoga,0,3,1,3
28,Female,20.06,27.9,79,3,2,Yoga,Normal,Intermediate_Yoga_3x,Intermediate,Intermediate Yoga,0,3,1,11
45,Male,38.78,24.0,50,2,1,Strength,Normal,Beginner_Strength_2x,Beginner,Beginner Strength,1,2,1,6
42,Male,16.04,28.5,85,4,2,Yoga,Normal,Intermediate_Yoga_4x,Intermediate,Intermediate Yoga,1,3,1,11
56,Female,12.47,30.0,74,4,2,Cardio,Elderly,Intermediate_Cardio_4x,Intermediate,Intermediate Cardio,0,0,0,8
50,Female,21.91,31.8,40,3,1,Cardio,Normal,Beginner_Cardio_3x,Beginner,Beginner Cardio,0,0,1,4
18,Male,27.01,23.9,78,2,1,Strength,Normal,Beginner_Strength_2x,Beginner,Beginner Strength,1,2,1,6
44,Female,22.69,27.6,61,3,1,Endurance,Normal,Beginner_Endurance_3x,Beginner,Beginner Endurance,0,1,1,5
30,Male,39.16,29.5,65,3,2,Cardio,Normal,Intermediate_Cardio_3x,Intermediate,Intermediate Cardio,1,0,1,8
58,Male,29.88,26.0,89,3,2,Yoga,Elderly,Intermediate_Yoga_3x,Intermediate,Intermediate Yoga,1,3,0,11
20,Male,27.69,29.3,82,3,2,Cardio,Normal,Intermediate_Cardio_3x,Intermediate,Intermediate Cardio,1,0,1,8
56,Male,25.86,11.0,94,4,3,Cardio,Elderly,Advanced_Cardio_4x,Advanced,Advanced Cardio,1,0,0,0
23,Male,24.97,10.7,93,4,3,Cardio,Normal,Advanced_Cardio_4x,Advanced,Advanced Cardio,1,0,1,0
25,Female,16.42,33.6,62,4,2,Endurance,Normal,Intermediate_Endurance_4x,Intermediate,Intermediate Endurance,0,1,1,9
44,Female,25.58,18.4,95,5,3,Yoga,Normal,Advanced_Yoga_5x,Advanced,Advanced Yoga,0,3,1,3
26,Female,23.07,26.9,68,3,1,Strength,Normal,Beginner_Strength_3x,Beginner,Beginner Strength,0,2,1,6
54,Female,22.82,27.7,76,2,1,Cardio,Elderly,Beginner_Cardio_2x,Beginner,Beginner Cardio,0,0,0,4
50,Male,13.03,28.0,55,2,1,Yoga,Normal,Beginner_Yoga_2x,Beginner,Beginner Yoga,1,3,1,7
59,Male,30.22,24.5,65,3,1,Yoga,Elderly,Beginner_Yoga_3x,Beginner,Beginner Yoga,1,3,0,7
41,Male,15.9,26.7,65,4,2,Strength,Normal,Intermediate_Strength_4x,Intermediate,Intermediate Strength,1,2,1,10
32,Male,24.87,11.6,91,5,3,Cardio,Normal,Advanced_Cardio_5x,Advanced,Advanced Cardio,1,0,1,0
49,Female,18.18,28.8,66,3,1,Endurance,Normal,Beginner_Endurance_3x,Beginner,Beginner Endurance,0,1,1,5
49,Male,26.77,29.9,88,3,1,Yoga,Normal,Beginner_Yoga_3x,Beginner,Beginner Yoga,1,3,1,7
41,Male,22.16,22.5,72,3,2,Strength,Normal,Intermediate_Strength_3x,Intermediate,Intermediate Strength,1,2,1,10
58,Female,19.88,17.5,95,4,3,Endurance,Elderly,Advanced_Endurance_4x,Advanced,Advanced Endurance,0,1,0,1
29,Female,17.94,33.4,41,3,1,Yoga,Normal,Beginner_Yoga_3x,Beginner,Beginner Yoga,0,3,1,7
56,Female,19.67,27.4,66,3,2,Cardio,Elderly,Intermediate_Cardio_3x,Intermediate,Intermediate Cardio,0,0,0,8
19,Female,17.16,29.2,63,3,1,Yoga,Normal,Beginner_Yoga_3x,Beginner,Beginner Yoga,0,3,1,7
20,Male,37.87,26.2,50,3,1,Endurance,Normal,Beginner_Endurance_3x,Beginner,Beginner Endurance,1,1,1,5
54,Male,24.16,12.4,92,5,3,Endurance,Elderly,Advanced_Endurance_5x,Advanced,Advanced Endurance,1,1,0,1
34,Female,17.94,17.3,109,5,3,Cardio,Normal,Advanced_Cardio_5x,Advanced,Advanced Cardio,0,0,1,0
19,Male,27.71,23.6,77,2,1,Cardio,Normal,Beginner_Cardio_2x,Beginner,Beginner Cardio,1,0,1,4
19,Male,25.1,12.9,100,4,3,Strength,Normal,Advanced_Strength_4x,Advanced,Advanced Strength,1,2,1,2
45,Male,14.61,26.2,86,4,2,Cardio,Normal,Intermediate_Cardio_4x,Intermediate,Intermediate Cardio,1,0,1,8
40,Female,19.63,18.3,112,5,3,Strength,Normal,Advanced_Strength_5x,Advanced,Advanced Strength,0,2,1,2
54,Male,31.17,20.7,72,4,2,Endurance,Elderly,Intermediate_Endurance_4x,Intermediate,Intermediate Endurance,1,1,0,9
49,Female,22.54,31.3,82,3,2,Endurance,Normal,Intermediate_Endurance_3x,Intermediate,Intermediate Endurance,0,1,1,9
50,Male,15.65,29.5,65,4,2,Yoga,Normal,Intermediate_Yoga_4x,Intermediate,Intermediate Yoga,1,3,1,11
18,Male,21.02,25.4,66,4,2,Yoga,Normal,Intermediate_Yoga_4x,Intermediate,Intermediate Yoga,1,3,1,11
36,Male,25.42,27.2,74,3,1,Strength,Normal,Beginner_Strength_3x,Beginner,Beginner Strength,1,2,1,6
19,Female,28.22,30.6,74,3,1,Cardio,Normal,Beginner_Cardio_3x,Beginner,Beginner Cardio,0,0,1,4
43,Male,36.29,28.5,80,2,1,Cardio,Normal,Beginner_Cardio_2x,Beginner,Beginner Cardio,1,0,1,4
49,Female,14.69,34.3,62,3,2,Yoga,Normal,Intermediate_Yoga_3x,Intermediate,Intermediate Yoga,0,3,1,11
23,Female,16.78,26.8,34,3,1,Endurance,Normal,Beginner_Endurance_3x,Beginner,Beginner Endurance,0,1,1,5
49,Female,29.56,29.4,87,4,2,Strength,Normal,Intermediate_Strength_4x,Intermediate,Intermediate Strength,0,2,1,10
21,Male,34.53,12.0,103,4,3,Endurance,Normal,Advanced_Endurance_4x,Advanced,Advanced Endurance,1,1,1,1
28,Male,18.28,24.1,71,3,1,Endurance,Normal,Beginner_Endurance_3x,Beginner,Beginner Endurance,1,1,1,5
34,Male,26.73,21.3,76,4,2,Cardio,Normal,Intermediate_Cardio_4x,Intermediate,Intermediate Cardio,1,0,1,8
55,Male,25.85,28.1,62,4,2,Strength,Elderly,Intermediate_Strength_4x,Intermediate,Intermediate Strength,1,2,0,10
41,Female,25.08,15.2,110,5,3,Endurance,Normal,Advanced_Endurance_5x,Advanced,Advanced Endurance,0,1,1,1
22,Female,22.85,30.3,89,3,1,Yoga,Normal,Beginner_Yoga_3x,Beginner,Beginner Yoga,0,3,1,7
51,Female,18.32,31.6,65,4,2,Yoga,Elderly,Intermediate_Yoga_4x,Intermediate,Intermediate Yoga,0,3,0,11
23,Male,21.16,11.0,107,4,3,Cardio,Normal,Advanced_Cardio_4x,Advanced,Advanced Cardio,1,0,1,0
39,Female,19.12,19.5,117,5,3,Yoga,Normal,Advanced_Yoga_5x,Advanced,Advanced Yoga,0,3,1,3
28,Male,28.09,28.4,72,3,2,Yoga,Normal,Intermediate_Yoga_3x,Intermediate,Intermediate Yoga,1,3,1,11
33,Female,22.33,29.7,71,4,2,Endurance,Normal,Intermediate_Endurance_4x,Intermediate,Intermediate Endurance,0,1,1,9
50,Male,16.28,24.1,82,4,2,Yoga,Normal,Intermediate_Yoga_4x,Intermediate,Intermediate Yoga,1,3,1,11
26,Male,24.91,11.2,103,4,3,Yoga,Normal,Advanced_Yoga_4x,Advanced,Advanced Yoga,1,3,1,3
23,Female,26.26,32.3,88,4,2,Endurance,Normal,Intermediate_Endurance_4x,Intermediate,Intermediate Endurance,0,1,1,9
33,Female,26.67,26.3,65,3,1,Cardio,Normal,Beginner_Cardio_3x,Beginner,Beginner Cardio,0,0,1,4
46,Female,24.78,18.4,110,4,3,Cardio,Normal,Advanced_Cardio_4x,Advanced,Advanced Cardio,0,0,1,0
20,Female,24.96,33.4,77,3,2,Strength,Normal,Intermediate_Strength_3x,Intermediate,Intermediate Strength,0,2,1,10
37,Male,16.22,22.3,67,3,2,Yoga,Normal,Intermediate_Yoga_3x,Intermediate,Intermediate Yoga,1,3,1,11
53,Female,28.76,33.7,74,3,1,Endurance,Elderly,Beginner_Endurance_3x,Beginner,Beginner Endurance,0,1,0,5
36,Female,21.3,25.3,68,4,2,Strength,Normal,Intermediate_Strength_4x,Intermediate,Intermediate Strength,0,2,1,10
43,Female,18.67,34.1,77,2,1,Cardio,Normal,Beginner_Cardio_2x,Beginner,Beginner Cardio,0,0,1,4
20,Male,29.11,21.2,81,4,2,Cardio,Normal,Intermediate_Cardio_4x,Intermediate,Intermediate Cardio,1,0,1,8
36,Male,35.18,26.5,71,2,1,Endurance,Normal,Beginner_Endurance_2x,Beginner,Beginner Endurance,1,1,1,5
37,Female,23.53,27.5,73,3,2,Strength,Normal,Intermediate_Strength_3x,Intermediate,Intermediate Strength,0,2,1,10
49,Male,23.73,14.2,112,4,3,Strength,Normal,Advanced_Strength_4x,Advanced,Advanced Strength,1,2,1,2
24,Female,19.01,30.1,38,3,1,Endurance,Normal,Beginner_Endurance_3x,Beginner,Beginner Endurance,0,1,1,5
58,Male,23.51,10.7,94,4,3,Endurance,Elderly,Advanced_Endurance_4x,Advanced,Advanced Endurance,1,1,0,1
50,Male,32.69,25.7,88,3,2,Strength,Normal,Intermediate_Strength_3x,Intermediate,Intermediate Strength,1,2,1,10
57,Male,23.53,12.0,108,5,3,Cardio,Elderly,Advanced_Cardio_5x,Advanced,Advanced Cardio,1,0,0,0
56,Male,36.02,26.6,65,3,2,Yoga,Elderly,Intermediate_Yoga_3x,Intermediate,Intermediate Yoga,1,3,0,11
35,Female,25.07,33.8,60,4,2,Cardio,Normal,Intermediate_Cardio_4x,Intermediate,Intermediate Cardio,0,0,1,8
57,Female,28.15,29.1,87,4,2,Endurance,Elderly,Intermediate_Endurance_4x,Intermediate,Intermediate Endurance,0,1,0,9
18,Female,25.28,16.4,112,4,3,Strength,Normal,Advanced_Strength_4x,Advanced,Advanced Strength,0,2,1,2
28,Male,29.07,20.1,70,3,2,Strength,Normal,Intermediate_Strength_3x,Intermediate,Intermediate Strength,1,2,1,10
45,Female,16.35,30.7,86,3,1,Yoga,Normal,Beginner_Yoga_3x,Beginner,Beginner Yoga,0,3,1,7
42,Female,16.56,29.0,77,3,2,Strength,Normal,Intermediate_Strength_3x,Intermediate,Intermediate Strength,0,2,1,10
40,Female,21.26,16.9,93,4,3,Yoga,Normal,Advanced_Yoga_4x,Advanced,Advanced Yoga,0,3,1,3
48,Male,28.43,21.8,82,4,2,Cardio,Normal,Intermediate_Cardio_4x,Intermediate,Intermediate Cardio,1,0,1,8
47,Male,17.75,24.3,72,4,2,Cardio,Normal,Intermediate_Cardio_4x,Intermediate,Intermediate Cardio,1,0,1,8
59,Male,28.05,29.8,68,3,2,Strength,Elderly,Intermediate_Strength_3x,Intermediate,Intermediate Strength,1,2,0,10
52,Female,21.36,16.5,96,4,3,Strength,Elderly,Advanced_Strength_4x,Advanced,Advanced Strength,0,2,0,2
24,Female,15.02,31.0,59,2,1,Endurance,Normal,Beginner_Endurance_2x,Beginner,Beginner Endurance,0,1,1,5
33,Female,28.49,32.8,77,4,2,Endurance,Normal,Intermediate_Endurance_4x,Intermediate,Intermediate Endurance,0,1,1,9
43,Male,34.68,27.5,49,2,1,Strength,Normal,Beginner_Strength_2x,Beginner,Beginner Strength,1,2,1,6
19,Male,30.37,23.3,79,2,1,Strength,Normal,Beginner_Strength_2x,Beginner,Beginner Strength,1,2,1,6
18,Female,19.01,31.1,67,2,1,Cardio,Normal,Beginner_Cardio_2x,Beginner,Beginner Cardio,0,0,1,4
29,Male,21.49,28.7,85,3,1,Strength,Normal,Beginner_Strength_3x,Beginner,Beginner Strength,1,2,1,6
22,Male,29.98,20.2,70,3,2,Endurance,Normal,Intermediate_Endurance_3x,Intermediate,Intermediate Endurance,1,1,1,9
54,Male,18.88,24.4,46,2,1,Cardio,Elderly,Beginner_Cardio_2x,Beginner,Beginner Cardio,1,0,0,4
49,Male,15.72,22.2,84,4,2,Yoga,Normal,Intermediate_Yoga_4x,Intermediate,Intermediate Yoga,1,3,1,11
26,Female,25.73,28.9,49,3,1,Endurance,Normal,Beginner_Endurance_3x,Beginner,Beginner Endurance,0,1,1,5
58,Male,24.36,24.2,65,2,1,Endurance,Elderly,Beginner_Endurance_2x,Beginner,Beginner Endurance,1,1,0,5
52,Male,15.24,27.5,56,2,1,Cardio,Elderly,Beginner_Cardio_2x,Beginner,Beginner Cardio,1,0,0,4
36,Male,25.23,20.9,80,3,1,Yoga,Normal,Beginner_Yoga_3x,Beginner,Beginner Yoga,1,3,1,7
33,Male,45.14,25.1,62,3,2,Endurance,Normal,Intermediate_Endurance_3x,Intermediate,Intermediate Endurance,1,1,1,9
20,Female,25.36,30.6,83,4,2,Strength,Normal,Intermediate_Strength_4x,Intermediate,Intermediate Strength,0,2,1,10
37,Female,26.47,29.9,67,3,2,Endurance,Normal,Intermediate_Endurance_3x,Intermediate,Intermediate Endurance,0,1,1,9
41,Male,26.64,27.3,61,4,2,Cardio,Normal,Intermediate_Cardio_4x,Intermediate,Intermediate Cardio,1,0,1,8
50,Male,17.72,23.8,79,2,1,Cardio,Normal,Beginner_Cardio_2x,Beginner,Beginner Cardio,1,0,1,4
41,Male,25.75,14.7,101,4,3,Cardio,Normal,Advanced_Cardio_4x,Advanced,Advanced Cardio,1,0,1,0
28,Male,33.86,24.8,80,4,2,Endurance,Normal,Intermediate_Endurance_4x,Intermediate,Intermediate Endurance,1,1,1,9
25,Male,12.73,25.7,69,3,2,Yoga,Normal,Intermediate_Yoga_3x,Intermediate,Intermediate Yoga,1,3,1,11
53,Male,34.29,28.3,31,2,1,Strength,Elderly,Beginner_Strength_2x,Beginner,Beginner Strength,1,2,0,6
55,Female,28.92,27.8,64,2,1,Cardio,Elderly,Beginner_Cardio_2x,Beginner,Beginner Cardio,0,0,0,4
57,Male,47.72,20.8,58,2,1,Yoga,Elderly,Beginner_Yoga_2x,Beginner,Beginner Yoga,1,3,0,7
37,Female,22.15,32.1,79,3,1,Strength,Normal,Beginner_Strength_3x,Beginner,Beginner Strength,0,2,1,6
52,Female,20.16,29.8,80,3,2,Cardio,Elderly,Intermediate_Cardio_3x,Intermediate,Intermediate Cardio,0,0,0,8
42,Male,26.84,29.0,61,3,2,Strength,Normal,Intermediate_Strength_3x,Intermediate,Intermediate Strength,1,2,1,10
52,Female,26.61,34.8,82,3,2,Strength,Elderly,Intermediate_Strength_3x,Intermediate,Intermediate Strength,0,2,0,10
42,Female,25.35,29.0,64,3,2,Yoga,Normal,Intermediate_Yoga_3x,Intermediate,Intermediate Yoga,0,3,1,11
46,Female,20.38,17.1,91,4,3,Strength,Normal,Advanced_Strength_4x,Advanced,Advanced Strength,0,2,1,2
35,Female,19.69,29.1,62,4,2,Cardio,Normal,Intermediate_Cardio_4x,Intermediate,Intermediate Cardio,0,0,1,8
35,Female,25.39,16.6,98,5,3,Yoga,Normal,Advanced_Yoga_5x,Advanced,Advanced Yoga,0,3,1,3
19,Female,18.77,32.8,84,2,1,Endurance,Normal,Beginner_Endurance_2x,Beginner,Beginner Endurance,0,1,1,5
52,Male,40.09,27.6,82,3,1,Endurance,Elderly,Beginner_Endurance_3x,Beginner,Beginner Endurance,1,1,0,5
33,Female,20.4,29.8,55,3,1,Yoga,Normal,Beginner_Yoga_3x,Beginner,Beginner Yoga,0,3,1,7
58,Female,24.54,25.4,67,3,2,Endurance,Elderly,Intermediate_Endurance_3x,Intermediate,Intermediate Endurance,0,1,0,9
53,Female,17.57,16.5,91,5,3,Strength,Elderly,Advanced_Strength_5x,Advanced,Advanced Strength,0,2,0,2
50,Male,31.14,22.9,49,2,1,Cardio,Normal,Beginner_Cardio_2x,Beginner,Beginner Cardio,1,0,1,4
21,Female,20.76,19.1,118,5,3,Strength,Normal,Advanced_Strength_5x,Advanced,Advanced Strength,0,2,1,2
50,Male,17.61,20.9,89,2,1,Yoga,Normal,Beginner_Yoga_2x,Beginner,Beginner Yoga,1,3,1,7
31,Female,23.46,19.0,92,4,3,Cardio,Normal,Advanced_Cardio_4x,Advanced,Advanced Cardio,0,0,1,0
38,Male,29.21,26.7,48,2,1,Yoga,Normal,Beginner_Yoga_2x,Beginner,Beginner Yoga,1,3,1,7
37,Male,17.46,27.3,83,2,1,Yoga,Normal,Beginner_Yoga_2x,Beginner,Beginner Yoga,1,3,1,7
25,Female,23.75,29.3,81,3,2,Yoga,Normal,Intermediate_Yoga_3x,Intermediate,Intermediate Yoga,0,3,1,11
24,Female,13.71,31.8,50,3,1,Strength,Normal,Beginner_Strength_3x,Beginner,Beginner Strength,0,2,1,6
20,Male,34.83,26.1,38,2,1,Cardio,Normal,Beginner_Cardio_2x,Beginner,Beginner Cardio,1,0,1,4
34,Female,30.1,32.7,88,3,1,Cardio,Normal,Beginner_Cardio_3x,Beginner,Beginner Cardio,0,0,1,4
50,Male,31.75,12.2,107,5,3,Cardio,Normal,Advanced_Cardio_5x,Advanced,Advanced Cardio,1,0,1,0
29,Male,31.48,24.7,82,4,2,Strength,Normal,Intermediate_Strength_4x,Intermediate,Intermediate Strength,1,2,1,10
39,Male,26.64,26.4,49,2,1,Endurance,Normal,Beginner_Endurance_2x,Beginner,Beginner Endurance,1,1,1,5
39,Male,32.32,21.1,66,4,2,Strength,Normal,Intermediate_Strength_4x,Intermediate,Intermediate Strength,1,2,1,10
47,Male,24.25,24.4,82,4,2,Strength,Normal,Intermediate_Strength_4x,Intermediate,Intermediate Strength,1,2,1,10
55,Female,15.02,34.7,54,2,1,Yoga,Elderly,Beginner_Yoga_2x,Beginner,Beginner Yoga,0,3,0,7
55,Male,45.49,20.4,68,4,2,Cardio,Elderly,Intermediate_Cardio_4x,Intermediate,Intermediate Cardio,1,0,0,8
25,Male,29.26,23.2,85,2,1,Cardio,Normal,Beginner_Cardio_2x,Beginner,Beginner Cardio,1,0,1,4
44,Female,24.25,28.1,85,3,1,Endurance,Normal,Beginner_Endurance_3x,Beginner,Beginner Endurance,0,1,1,5
44,Male,22.55,26.3,84,4,2,Endurance,Normal,Intermediate_Endurance_4x,Intermediate,Intermediate Endurance,1,1,1,9
51,Female,29.26,26.1,84,3,1,Yoga,Elderly,Beginner_Yoga_3x,Beginner,Beginner Yoga,0,3,0,7
38,Female,19.98,31.3,64,3,2,Cardio,Normal,Intermediate_Cardio_3x,Intermediate,Intermediate Cardio,0,0,1,8
47,Female,17.47,26.0,89,3,2,Endurance,Normal,Intermediate_Endurance_3x,Intermediate,Intermediate Endurance,0,1,1,9
50,Male,36.47,20.9,32,2,1,Endurance,Normal,Beginner_Endurance_2x,Beginner,Beginner Endurance,1,1,1,5
45,Male,25.49,27.3,62,3,2,Cardio,Normal,Intermediate_Cardio_3x,Intermediate,Intermediate Cardio,1,0,1,8
50,Male,34.14,23.2,46,2,1,Strength,Normal,Beginner_Strength_2x,Beginner,Beginner Strength,1,2,1,6
22,Female,21.26,19.9,97,4,3,Endurance,Normal,Advanced_Endurance_4x,Advanced,Advanced Endurance,0,1,1,1
36,Male,43.31,20.4,78,4,2,Cardio,Normal,Intermediate_Cardio_4x,Intermediate,Intermediate Cardio,1,0,1,8
21,Female,24.87,17.2,116,4,3,Endurance,Normal,Advanced_Endurance_4x,Advanced,Advanced Endurance,0,1,1,1
52,Male,19.21,21.1,88,3,2,Yoga,Elderly,Intermediate_Yoga_3x,Intermediate,Intermediate Yoga,1,3,0,11
34,Female,29.56,28.5,82,2,1,Endurance,Normal,Beginner_Endurance_2x,Beginner,Beginner Endurance,0,1,1,5
45,Male,31.4,30.0,68,4,2,Cardio,Normal,Intermediate_Cardio_4x,Intermediate,Intermediate Cardio,1,0,1,8
47,Male,24.51,14.4,111,5,3,Endurance,Normal,Advanced_Endurance_5x,Advanced,Advanced Endurance,1,1,1,1
46,Male,18.62,20.5,86,3,2,Yoga,Normal,Intermediate_Yoga_3x,Intermediate,Intermediate Yoga,1,3,1,11
23,Female,18.62,17.8,100,5,3,Yoga,Normal,Advanced_Yoga_5x,Advanced,Advanced Yoga,0,3,1,3
52,Female,28.46,18.2,110,4,3,Endurance,Elderly,Advanced_Endurance_4x,Advanced,Advanced Endurance,0,1,0,1
58,Male,35.82,22.1,61,2,1,Endurance,Elderly,Beginner_Endurance_2x,Beginner,Beginner Endurance,1,1,0,5
54,Male,21.72,21.5,49,2,1,Yoga,Elderly,Beginner_Yoga_2x,Beginner,Beginner Yoga,1,3,0,7
41,Female,23.94,34.0,84,4,2,Yoga,Normal,Intermediate_Yoga_4x,Intermediate,Intermediate Yoga,0,3,1,11
46,Female,24.34,34.7,60,4,2,Strength,Normal,Intermediate_Strength_4x,Intermediate,Intermediate Strength,0,2,1,10
48,Female,25.2,20.0,119,4,3,Strength,Normal,Advanced_Strength_4x,Advanced,Advanced Strength,0,2,1,2
52,Male,28.27,13.9,110,4,3,Yoga,Elderly,Advanced_Yoga_4x,Advanced,Advanced Yoga,1,3,0,3
50,Female,26.9,31.6,75,2,1,Endurance,Normal,Beginner_Endurance_2x,Beginner,Beginner Endurance,0,1,1,5
38,Male,15.8,23.5,82,3,1,Cardio,Normal,Beginner_Cardio_3x,Beginner,Beginner Cardio,1,0,1,4
49,Female,16.2,26.7,70,4,2,Endurance,Normal,Intermediate_Endurance_4x,Intermediate,Intermediate Endurance,0,1,1,9
40,Male,24.31,20.8,78,2,1,Endurance,Normal,Beginner_Endurance_2x,Beginner,Beginner Endurance,1,1,1,5
50,Female,23.06,18.5,111,4,3,Strength,Normal,Advanced_Strength_4x,Advanced,Advanced Strength,0,2,1,2
20,Female,29.92,32.8,62,3,2,Strength,Normal,Intermediate_Strength_3x,Intermediate,Intermediate Strength,0,2,1,10
35,Female,27.97,33.3,68,4,2,Strength,Normal,Intermediate_Strength_4x,Intermediate,Intermediate Strength,0,2,1,10
42,Female,20.62,34.1,68,2,1,Yoga,Normal,Beginner_Yoga_2x,Beginner,Beginner Yoga,0,3,1,7
59,Female,20.28,33.8,62,3,2,Yoga,Elderly,Intermediate_Yoga_3x,Intermediate,Intermediate Yoga,0,3,0,11
48,Male,22.79,30.0,89,3,2,Endurance,Normal,Intermediate_Endurance_3x,Intermediate,Intermediate Endurance,1,1,1,9
20,Female,23.92,27.4,85,4,2,Endurance,Normal,Intermediate_Endurance_4x,Intermediate,Intermediate Endurance,0,1,1,9
57,Female,28.49,32.6,41,3,1,Cardio,Elderly,Beginner_Cardio_3x,Beginner,Beginner Cardio,0,0,0,4
41,Female,26.47,30.9,85,3,2,Endurance,Normal,Intermediate_Endurance_3x,Intermediate,Intermediate Endurance,0,1,1,9
49,Male,30.12,11.3,109,4,3,Endurance,Normal,Advanced_Endurance_4x,Advanced,Advanced Endurance,1,1,1,1
39,Female,26.13,34.8,73,2,1,Strength,Normal,Beginner_Strength_2x,Beginner,Beginner Strength,0,2,1,6
40,Male,19.45,29.0,49,2,1,Strength,Normal,Beginner_Strength_2x,Beginner,Beginner Strength,1,2,1,6
19,Female,20.91,26.3,58,2,1,Strength,Normal,Beginner_Strength_2x,Beginner,Beginner Strength,0,2,1,6
44,Female,13.51,25.3,89,3,2,Strength,Normal,Intermediate_Strength_3x,Intermediate,Intermediate Strength,0,2,1,10
59,Male,28.44,26.9,81,3,2,Strength,Elderly,Intermediate_Strength_3x,Intermediate,Intermediate Strength,1,2,0,10
19,Female,23.64,31.0,72,4,2,Cardio,Normal,Intermediate_Cardio_4x,Intermediate,Intermediate Cardio,0,0,1,8
43,Male,20.71,29.4,70,3,1,Cardio,Normal,Beginner_Cardio_3x,Beginner,Beginner Cardio,1,0,1,4
34,Male,31.94,22.3,85,2,1,Cardio,Normal,Beginner_Cardio_2x,Beginner,Beginner Cardio,1,0,1,4
57,Female,14.88,25.8,86,3,2,Strength,Elderly,Intermediate_Strength_3x,Intermediate,Intermediate Strength,0,2,0,10
50,Male,31.05,22.6,64,4,2,Yoga,Normal,Intermediate_Yoga_4x,Intermediate,Intermediate Yoga,1,3,1,11
26,Female,26.01,15.1,102,5,3,Strength,Normal,Advanced_Strength_5x,Advanced,Advanced Strength,0,2,1,2
56,Female,15.07,25.4,50,3,1,Strength,Elderly,Beginner_Strength_3x,Beginner,Beginner Strength,0,2,0,6
46,Male,14.36,29.1,89,3,2,Cardio,Normal,Intermediate_Cardio_3x,Intermediate,Intermediate Cardio,1,0,1,8
59,Male,34.06,23.5,86,3,2,Strength,Elderly,Intermediate_Strength_3x,Intermediate,Intermediate Strength,1,2,0,10
43,Male,44.71,24.1,68,3,2,Cardio,Normal,Intermediate_Cardio_3x,Intermediate,Intermediate Cardio,1,0,1,8
52,Male,23.97,20.2,79,3,2,Strength,Elderly,Intermediate_Strength_3x,Intermediate,Intermediate Strength,1,2,0,10
42,Female,21.87,27.7,69,3,2,Endurance,Normal,Intermediate_Endurance_3x,Intermediate,Intermediate Endurance,0,1,1,9
41,Female,19.44,19.0,119,5,3,Yoga,Normal,Advanced_Yoga_5x,Advanced,Advanced Yoga,0,3,1,3
30,Male,18.33,26.2,38,2,1,Yoga,Normal,Beginner_Yoga_2x,Beginner,Beginner Yoga,1,3,1,7
24,Female,22.76,32.5,85,3,1,Cardio,Normal,Beginner_Cardio_3x,Beginner,Beginner Cardio,0,0,1,4
53,Female,22.51,29.5,89,3,2,Endurance,Elderly,Intermediate_Endurance_3x,Intermediate,Intermediate Endurance,0,1,0,9
37,Female,18.13,28.1,68,4,2,Yoga,Normal,Intermediate_Yoga_4x,Intermediate,Intermediate Yoga,0,3,1,11
18,Female,30.26,29.8,50,3,1,Cardio,Normal,Beginner_Cardio_3x,Beginner,Beginner Cardio,0,0,1,4
25,Male,19.91,23.2,40,3,1,Strength,Normal,Beginner_Strength_3x,Beginner,Beginner Strength,1,2,1,6
33,Male,28.69,28.4,83,2,1,Strength,Normal,Beginner_Strength_2x,Beginner,Beginner Strength,1,2,1,6
31,Female,23.81,16.5,94,4,3,Endurance,Normal,Advanced_Endurance_4x,Advanced,Advanced Endurance,0,1,1,1
29,Male,27.52,26.6,38,2,1,Yoga,Normal,Beginner_Yoga_2x,Beginner,Beginner Yoga,1,3,1,7
40,Male,15.61,21.4,54,3,1,Strength,Normal,Beginner_Strength_3x,Beginner,Beginner Strength,1,2,1,6
32,Male,37.76,26.9,34,3,1,Cardio,Normal,Beginner_Cardio_3x,Beginner,Beginner Cardio,1,0,1,4
45,Female,25.23,34.1,82,3,1,Strength,Normal,Beginner_Strength_3x,Beginner,Beginner Strength,0,2,1,6
51,Female,34.25,31.1,55,3,1,Strength,Elderly,Beginner_Strength_3x,Beginner,Beginner Strength,0,2,0,6
19,Female,17.93,30.6,73,3,2,Yoga,Normal,Intermediate_Yoga_3x,Intermediate,Intermediate Yoga,0,3,1,11
49,Male,19.65,29.6,42,3,1,Yoga,Normal,Beginner_Yoga_3x,Beginner,Beginner Yoga,1,3,1,7
40,Female,26.74,18.1,116,5,3,Cardio,Normal,Advanced_Cardio_5x,Advanced,Advanced Cardio,0,0,1,0
39,Female,22.26,27.6,55,3,1,Endurance,Normal,Beginner_Endurance_3x,Beginner,Beginner Endurance,0,1,1,5
42,Male,19.69,22.9,68,3,2,Endurance,Normal,Intermediate_Endurance_3x,Intermediate,Intermediate Endurance,1,1,1,9
39,Female,21.65,18.5,113,4,3,Strength,Normal,Advanced_Strength_4x,Advanced,Advanced Strength,0,2,1,2
39,Female,25.51,32.4,80,3,2,Cardio,Normal,Intermediate_Cardio_3x,Intermediate,Intermediate Cardio,0,0,1,8
59,Male,34.89,23.0,78,4,2,Endurance,Elderly,Intermediate_Endurance_4x,Intermediate,Intermediate Endurance,1,1,0,9
23,Male,28.43,23.5,81,2,1,Endurance,Normal,Beginner_Endurance_2x,Beginner,Beginner Endurance,1,1,1,5
32,Male,18.53,29.9,85,2,1,Strength,Normal,Beginner_Strength_2x,Beginner,Beginner Strength,1,2,1,6
54,Female,18.67,26.0,71,4,2,Cardio,Elderly,Intermediate_Cardio_4x,Intermediate,Intermediate Cardio,0,0,0,8
50,Female,18.23,17.0,96,4,3,Endurance,Normal,Advanced_Endurance_4x,Advanced,Advanced Endurance,0,1,1,1
25,Female,25.41,25.6,86,3,2,Yoga,Normal,Intermediate_Yoga_3x,Intermediate,Intermediate Yoga,0,3,1,11
22,Male,32.24,28.2,60,4,2,Yoga,Normal,Intermediate_Yoga_4x,Intermediate,Intermediate Yoga,1,3,1,11
56,Male,38.73,20.9,76,4,2,Strength,Elderly,Intermediate_Strength_4x,Intermediate,Intermediate Strength,1,2,0,10
21,Female,22.98,31.7,82,4,2,Strength,Normal,Intermediate_Strength_4x,Intermediate,Intermediate Strength,0,2,1,10
23,Female,24.13,25.6,75,2,1,Strength,Normal,Beginner_Strength_2x,Beginner,Beginner Strength,0,2,1,6
49,Male,29.98,26.7,62,3,2,Strength,Normal,Intermediate_Strength_3x,Intermediate,Intermediate Strength,1,2,1,10
47,Male,34.53,14.2,112,5,3,Endurance,Normal,Advanced_Endurance_5x,Advanced,Advanced Endurance,1,1,1,1
52,Male,26.46,24.0,56,2,1,Cardio,Elderly,Beginner_Cardio_2x,Beginner,Beginner Cardio,1,0,0,4
57,Male,28.78,25.2,69,4,2,Strength,Elderly,Intermediate_Strength_4x,Intermediate,Intermediate Strength,1,2,0,10
33,Female,22.27,29.0,51,2,1,Strength,Normal,Beginner_Strength_2x,Beginner,Beginner Strength,0,2,1,6
30,Male,23.08,23.0,82,3,2,Endurance,Normal,Intermediate_Endurance_3x,Intermediate,Intermediate Endurance,1,1,1,9
59,Female,15.46,33.0,73,2,1,Strength,Elderly,Beginner_Strength_2x,Beginner,Beginner Strength,0,2,0,6
47,Female,22.18,27.7,82,3,2,Strength,Normal,Intermediate_Strength_3x,Intermediate,Intermediate Strength,0,2,1,10
36,Female,15.59,32.2,90,4,2,Cardio,Normal,Intermediate_Cardio_4x,Intermediate,Intermediate Cardio,0,0,1,8
34,Male,29.7,22.1,44,3,1,Yoga,Normal,Beginner_Yoga_3x,Beginner,Beginner Yoga,1,3,1,7
36,Male,14.78,22.5,65,4,2,Strength,Normal,Intermediate_Strength_4x,Intermediate,Intermediate Strength,1,2,1,10
45,Male,19.74,23.4,79,4,2,Endurance,Normal,Intermediate_Endurance_4x,Intermediate,Intermediate Endurance,1,1,1,9
43,Male,21.8,12.9,114,5,3,Cardio,Normal,Advanced_Cardio_5x,Advanced,Advanced Cardio,1,0,1,0
54,Female,22.1,29.5,74,2,1,Endurance,Elderly,Beginner_Endurance_2x,Beginner,Beginner Endurance,0,1,0,5
43,Male,19.37,27.5,71,2,1,Cardio,Normal,Beginner_Cardio_2x,Beginner,Beginner Cardio,1,0,1,4
40,Male,25.13,22.1,83,3,1,Cardio,Normal,Beginner_Cardio_3x,Beginner,Beginner Cardio,1,0,1,4
26,Female,28.49,15.1,116,5,3,Strength,Normal,Advanced_Strength_5x,Advanced,Advanced Strength,0,2,1,2
29,Male,33.04,13.9,91,4,3,Strength,Normal,Advanced_Strength_4x,Advanced,Advanced Strength,1,2,1,2
18,Female,24.52,33.2,74,4,2,Strength,Normal,Intermediate_Strength_4x,Intermediate,Intermediate Strength,0,2,1,10
18,Female,22.41,15.3,114,4,3,Yoga,Normal,Advanced_Yoga_4x,Advanced,Advanced Yoga,0,3,1,3
51,Female,25.35,31.1,89,4,2,Yoga,Elderly,Intermediate_Yoga_4x,Intermediate,Intermediate Yoga,0,3,0,11
49,Female,26.41,28.8,68,4,2,Endurance,Normal,Intermediate_Endurance_4x,Intermediate,Intermediate Endurance,0,1,1,9
42,Female,14.1,32.9,62,3,1,Strength,Normal,Beginner_Strength_3x,Beginner,Beginner Strength,0,2,1,6
57,Female,19.35,33.7,72,4,2,Yoga,Elderly,Intermediate_Yoga_4x,Intermediate,Intermediate Yoga,0,3,0,11
18,Female,26.33,33.5,36,3,1,Strength,Normal,Beginner_Strength_3x,Beginner,Beginner Strength,0,2,1,6
33,Female,21.45,18.9,106,4,3,Yoga,Normal,Advanced_Yoga_4x,Advanced,Advanced Yoga,0,3,1,3
56,Male,36.22,22.7,60,3,2,Yoga,Elderly,Intermediate_Yoga_3x,Intermediate,Intermediate Yoga,1,3,0,11
22,Male,29.83,28.1,89,4,2,Cardio,Normal,Intermediate_Cardio_4x,Intermediate,Intermediate Cardio,1,0,1,8
39,Male,19.76,25.3,79,3,1,Strength,Normal,Beginner_Strength_3x,Beginner,Beginner Strength,1,2,1,6
46,Male,40.45,20.5,84,3,1,Strength,Normal,Beginner_Strength_3x,Beginner,Beginner Strength,1,2,1,6
20,Female,20.47,29.6,30,2,1,Yoga,Normal,Beginner_Yoga_2x,Beginner,Beginner Yoga,0,3,1,7
29,Male,20.63,29.4,87,2,1,Strength,Normal,Beginner_Strength_2x,Beginner,Beginner Strength,1,2,1,6
43,Female,15.5,33.9,44,2,1,Yoga,Normal,Beginner_Yoga_2x,Beginner,Beginner Yoga,0,3,1,7
33,Male,20.66,10.5,95,4,3,Strength,Normal,Advanced_Strength_4x,Advanced,Advanced Strength,1,2,1,2
54,Male,17.63,27.4,77,4,2,Cardio,Elderly,Intermediate_Cardio_4x,Intermediate,Intermediate Cardio,1,0,0,8
39,Male,30.47,28.1,43,2,1,Strength,Normal,Beginner_Strength_2x,Beginner,Beginner Strength,1,2,1,6
46,Female,22.23,27.7,53,3,1,Cardio,Normal,Beginner_Cardio_3x,Beginner,Beginner Cardio,0,0,1,4
31,Male,26.95,24.7,89,4,2,Endurance,Normal,Intermediate_Endurance_4x,Intermediate,Intermediate Endurance,1,1,1,9
45,Female,17.92,32.1,75,4,2,Strength,Normal,Intermediate_Strength_4x,Intermediate,Intermediate Strength,0,2,1,10
22,Female,20.05,29.4,76,3,2,Strength,Normal,Intermediate_Strength_3x,Intermediate,Intermediate Strength,0,2,1,10
47,Male,21.87,10.6,119,4,3,Strength,Normal,Advanced_Strength_4x,Advanced,Advanced Strength,1,2,1,2
22,Male,36.25,27.1,81,4,2,Cardio,Normal,Intermediate_Cardio_4x,Intermediate,Intermediate Cardio,1,0,1,8
29,Male,20.61,14.6,99,5,3,Strength,Normal,Advanced_Strength_5x,Advanced,Advanced Strength,1,2,1,2
33,Female,24.78,18.3,110,5,3,Strength,Normal,Advanced_Strength_5x,Advanced,Advanced Strength,0,2,1,2
43,Male,28.02,27.7,77,2,1,Yoga,Normal,Beginner_Yoga_2x,Beginner,Beginner Yoga,1,3,1,7
43,Female,24.64,16.8,112,5,3,Endurance,Normal,Advanced_Endurance_5x,Advanced,Advanced Endurance,0,1,1,1
38,Female,12.67,26.8,37,2,1,Cardio,Normal,Beginner_Cardio_2x,Beginner,Beginner Cardio,0,0,1,4
56,Male,23.59,13.2,91,5,3,Yoga,Elderly,Advanced_Yoga_5x,Advanced,Advanced Yoga,1,3,0,3
53,Male,31.04,23.3,41,3,1,Cardio,Elderly,Beginner_Cardio_3x,Beginner,Beginner Cardio,1,0,0,4
50,Female,23.27,19.3,116,5,3,Yoga,Normal,Advanced_Yoga_5x,Advanced,Advanced Yoga,0,3,1,3
47,Female,19.69,15.6,92,5,3,Endurance,Normal,Advanced_Endurance_5x,Advanced,Advanced Endurance,0,1,1,1
54,Female,27.55,17.2,104,4,3,Yoga,Elderly,Advanced_Yoga_4x,Advanced,Advanced Yoga,0,3,0,3
40,Male,14.85,24.0,86,3,2,Cardio,Normal,Intermediate_Cardio_3x,Intermediate,Intermediate Cardio,1,0,1,8
27,Female,22.44,34.4,56,3,1,Strength,Normal,Beginner_Strength_3x,Beginner,Beginner Strength,0,2,1,6
22,Male,18.37,21.5,31,3,1,Strength,Normal,Beginner_Strength_3x,Beginner,Beginner Strength,1,2,1,6
53,Female,23.53,25.1,64,4,2,Endurance,Elderly,Intermediate_Endurance_4x,Intermediate,Intermediate Endurance,0,1,0,9
51,Female,25.02,27.4,86,3,1,Cardio,Elderly,Beginner_Cardio_3x,Beginner,Beginner Cardio,0,0,0,4
48,Male,32.7,28.2,61,3,2,Cardio,Normal,Intermediate_Cardio_3x,Intermediate,Intermediate Cardio,1,0,1,8
27,Female,18.1,27.1,83,2,1,Cardio,Normal,Beginner_Cardio_2x,Beginner,Beginner Cardio,0,0,1,4
36,Male,22.32,11.2,108,5,3,Endurance,Normal,Advanced_Endurance_5x,Advanced,Advanced Endurance,1,1,1,1
49,Male,17.44,21.3,68,4,2,Strength,Normal,Intermediate_Strength_4x,Intermediate,Intermediate Strength,1,2,1,10
18,Female,27.68,18.6,119,5,3,Yoga,Normal,Advanced_Yoga_5x,Advanced,Advanced Yoga,0,3,1,3
22,Male,14.59,20.7,62,3,1,Endurance,Normal,Beginner_Endurance_3x,Beginner,Beginner Endurance,1,1,1,5
21,Male,22.41,11.7,108,4,3,Yoga,Normal,Advanced_Yoga_4x,Advanced,Advanced Yoga,1,3,1,3
33,Female,24.13,16.4,95,5,3,Strength,Normal,Advanced_Strength_5x,Advanced,Advanced Strength,0,2,1,2
41,Male,21.39,25.6,73,3,2,Endurance,Normal,Intermediate_Endurance_3x,Intermediate,Intermediate Endurance,1,1,1,9
33,Male,41.6,27.3,84,4,2,Strength,Normal,Intermediate_Strength_4x,Intermediate,Intermediate Strength,1,2,1,10
19,Male,27.79,25.3,73,4,2,Yoga,Normal,Intermediate_Yoga_4x,Intermediate,Intermediate Yoga,1,3,1,11
45,Female,26.57,34.3,40,2,1,Cardio,Normal,Beginner_Cardio_2x,Beginner,Beginner Cardio,0,0,1,4
49,Male,39.3,29.5,72,3,2,Cardio,Normal,Intermediate_Cardio_3x,Intermediate,Intermediate Cardio,1,0,1,8
44,Female,15.5,28.6,53,2,1,Yoga,Normal,Beginner_Yoga_2x,Beginner,Beginner Yoga,0,3,1,7
37,Female,30.89,32.8,41,2,1,Cardio,Normal,Beginner_Cardio_2x,Beginner,Beginner Cardio,0,0,1,4
41,Male,23.14,27.4,46,2,1,Yoga,Normal,Beginner_Yoga_2x,Beginner,Beginner Yoga,1,3,1,7
29,Male,23.53,28.9,46,2,1,Endurance,Normal,Beginner_Endurance_2x,Beginner,Beginner Endurance,1,1,1,5
52,Male,15.88,24.5,51,2,1,Endurance,Elderly,Beginner_Endurance_2x,Beginner,Beginner Endurance,1,1,0,5
50,Female,24.55,30.3,72,2,1,Endurance,Normal,Beginner_Endurance_2x,Beginner,Beginner Endurance,0,1,1,5
50,Male,32.63,12.1,102,4,3,Cardio,Normal,Advanced_Cardio_4x,Advanced,Advanced Cardio,1,0,1,0
54,Male,33.45,28.5,81,3,2,Strength,Elderly,Intermediate_Strength_3x,Intermediate,Intermediate Strength,1,2,0,10
29,Male,23.65,11.1,113,5,3,Cardio,Normal,Advanced_Cardio_5x,Advanced,Advanced Cardio,1,0,1,0
20,Male,37.53,22.4,75,3,2,Cardio,Normal,Intermediate_Cardio_3x,Intermediate,Intermediate Cardio,1,0,1,8
18,Male,18.12,23.7,53,3,1,Strength,Normal,Beginner_Strength_3x,Beginner,Beginner Strength,1,2,1,6
50,Female,23.56,27.3,74,4,2,Strength,Normal,Intermediate_Strength_4x,Intermediate,Intermediate Strength,0,2,1,10
57,Female,26.36,30.6,79,3,2,Strength,Elderly,Intermediate_Strength_3x,Intermediate,Intermediate Strength,0,2,0,10
27,Male,19.71,21.3,68,2,1,Strength,Normal,Beginner_Strength_2x,Beginner,Beginner Strength,1,2,1,6
46,Male,28.59,23.2,88,3,2,Cardio,Normal,Intermediate_Cardio_3x,Intermediate,Intermediate Cardio,1,0,1,8
30,Male,22.17,29.1,75,2,1,Yoga,Normal,Beginner_Yoga_2x,Beginner,Beginner Yoga,1,3,1,7
29,Male,34.63,24.1,79,4,2,Endurance,Normal,Intermediate_Endurance_4x,Intermediate,Intermediate Endurance,1,1,1,9
48,Female,26.58,32.5,88,4,2,Yoga,Normal,Intermediate_Yoga_4x,Intermediate,Intermediate Yoga,0,3,1,11
19,Male,34.12,21.1,50,2,1,Cardio,Normal,Beginner_Cardio_2x,Beginner,Beginner Cardio,1,0,1,4
52,Female,25.67,27.5,70,3,1,Strength,Elderly,Beginner_Strength_3x,Beginner,Beginner Strength,0,2,0,6
40,Female,20.2,33.1,71,4,2,Endurance,Normal,Intermediate_Endurance_4x,Intermediate,Intermediate Endurance,0,1,1,9
34,Male,46.9,27.6,85,3,2,Endurance,Normal,Intermediate_Endurance_3x,Intermediate,Intermediate Endurance,1,1,1,9
43,Female,28.88,28.9,79,3,1,Yoga,Normal,Beginner_Yoga_3x,Beginner,Beginner Yoga,0,3,1,7
25,Female,26.05,19.8,97,5,3,Cardio,Normal,Advanced_Cardio_5x,Advanced,Advanced Cardio,0,0,1,0
46,Female,19.1,34.1,42,2,1,Cardio,Normal,Beginner_Cardio_2x,Beginner,Beginner Cardio,0,0,1,4
43,Female,15.5,34.6,80,3,2,Cardio,Normal,Intermediate_Cardio_3x,Intermediate,Intermediate Cardio,0,0,1,8
27,Male,33.2,12.1,109,4,3,Endurance,Normal,Advanced_Endurance_4x,Advanced,Advanced Endurance,1,1,1,1
43,Male,35.51,22.0,65,3,1,Yoga,Normal,Beginner_Yoga_3x,Beginner,Beginner Yoga,1,3,1,7
51,Female,26.52,31.3,52,3,1,Endurance,Elderly,Beginner_Endurance_3x,Beginner,Beginner Endurance,0,1,0,5
58,Male,21.27,26.8,73,2,1,Endurance,Elderly,Beginner_Endurance_2x,Beginner,Beginner Endurance,1,1,0,5
24,Male,18.29,21.3,58,3,1,Strength,Normal,Beginner_Strength_3x,Beginner,Beginner Strength,1,2,1,6
21,Male,26.69,27.9,58,3,1,Yoga,Normal,Beginner_Yoga_3x,Beginner,Beginner Yoga,1,3,1,7
28,Male,32.66,20.2,63,3,2,Strength,Normal,Intermediate_Strength_3x,Intermediate,Intermediate Strength,1,2,1,10
46,Male,18.39,24.8,55,2,1,Cardio,Normal,Beginner_Cardio_2x,Beginner,Beginner Cardio,1,0,1,4
53,Female,21.26,28.3,80,3,2,Endurance,Elderly,Intermediate_Endurance_3x,Intermediate,Intermediate Endurance,0,1,0,9
42,Male,26.01,13.7,92,5,3,Yoga,Normal,Advanced_Yoga_5x,Advanced,Advanced Yoga,1,3,1,3
38,Male,27.61,11.6,100,5,3,Cardio,Normal,Advanced_Cardio_5x,Advanced,Advanced Cardio,1,0,1,0
53,Male,31.3,28.3,82,4,2,Yoga,Elderly,Intermediate_Yoga_4x,Intermediate,Intermediate Yoga,1,3,0,11
27,Male,18.35,25.9,44,3,1,Endurance,Normal,Beginner_Endurance_3x,Beginner,Beginner Endurance,1,1,1,5
54,Female,30.51,32.9,66,4,2,Yoga,Elderly,Intermediate_Yoga_4x,Intermediate,Intermediate Yoga,0,3,0,11
26,Female,19.91,34.9,64,4,2,Cardio,Normal,Intermediate_Cardio_4x,Intermediate,Intermediate Cardio,0,0,1,8
41,Female,25.05,31.8,76,4,2,Strength,Normal,Intermediate_Strength_4x,Intermediate,Intermediate Strength,0,2,1,10
52,Female,16.8,34.8,85,3,1,Endurance,Elderly,Beginner_Endurance_3x,Beginner,Beginner Endurance,0,1,0,5
52,Male,26.39,10.1,102,5,3,Strength,Elderly,Advanced_Strength_5x,Advanced,Advanced Strength,1,2,0,2
53,Female,15.43,28.4,64,4,2,Endurance,Elderly,Intermediate_Endurance_4x,Intermediate,Intermediate Endurance,0,1,0,9
35,Male,27.23,21.1,50,2,1,Cardio,Normal,Beginner_Cardio_2x,Beginner,Beginner Cardio,1,0,1,4
56,Male,32.69,22.6,40,2,1,Endurance,Elderly,Beginner_Endurance_2x,Beginner,Beginner Endurance,1,1,0,5
49,Male,24.31,28.4,77,4,2,Strength,Normal,Intermediate_Strength_4x,Intermediate,Intermediate Strength,1,2,1,10
41,Male,23.33,10.2,112,5,3,Endurance,Normal,Advanced_Endurance_5x,Advanced,Advanced Endurance,1,1,1,1
40,Male,17.03,25.2,73,3,2,Cardio,Normal,Intermediate_Cardio_3x,Intermediate,Intermediate Cardio,1,0,1,8
49,Female,20.75,30.7,77,3,2,Endurance,Normal,Intermediate_Endurance_3x,Intermediate,Intermediate Endurance,0,1,1,9
54,Female,20.71,30.6,83,2,1,Strength,Elderly,Beginner_Strength_2x,Beginner,Beginner Strength,0,2,0,6
29,Female,23.22,29.8,65,4,2,Cardio,Normal,Intermediate_Cardio_4x,Intermediate,Intermediate Cardio,0,0,1,8
30,Female,25.22,32.9,78,3,2,Strength,Normal,Intermediate_Strength_3x,Intermediate,Intermediate Strength,0,2,1,10
40,Male,20.1,21.3,52,2,1,Endurance,Normal,Beginner_Endurance_2x,Beginner,Beginner Endurance,1,1,1,5
42,Female,14.87,28.1,37,2,1,Yoga,Normal,Beginner_Yoga_2x,Beginner,Beginner Yoga,0,3,1,7
52,Male,21.63,26.2,89,4,2,Strength,Elderly,Intermediate_Strength_4x,Intermediate,Intermediate Strength,1,2,0,10
58,Female,17.93,31.9,65,3,1,Endurance,Elderly,Beginner_Endurance_3x,Beginner,Beginner Endurance,0,1,0,5
47,Male,26.32,24.0,86,3,2,Yoga,Normal,Intermediate_Yoga_3x,Intermediate,Intermediate Yoga,1,3,1,11
34,Male,25.11,28.8,49,2,1,Yoga,Normal,Beginner_Yoga_2x,Beginner,Beginner Yoga,1,3,1,7
37,Female,22.56,29.2,58,2,1,Cardio,Normal,Beginner_Cardio_2x,Beginner,Beginner Cardio,0,0,1,4
42,Male,16.25,24.0,82,2,1,Yoga,Normal,Beginner_Yoga_2x,Beginner,Beginner Yoga,1,3,1,7
39,Male,26.02,10.2,118,5,3,Strength,Normal,Advanced_Strength_5x,Advanced,Advanced Strength,1,2,1,2
30,Female,22.28,17.8,111,4,3,Strength,Normal,Advanced_Strength_4x,Advanced,Advanced Strength,0,2,1,2
36,Male,24.16,13.5,119,5,3,Yoga,Normal,Advanced_Yoga_5x,Advanced,Advanced Yoga,1,3,1,3
53,Female,28.35,26.1,85,4,2,Endurance,Elderly,Intermediate_Endurance_4x,Intermediate,Intermediate Endurance,0,1,0,9
29,Female,22.86,28.1,51,2,1,Strength,Normal,Beginner_Strength_2x,Beginner,Beginner Strength,0,2,1,6
58,Female,26.19,32.8,77,4,2,Strength,Elderly,Intermediate_Strength_4x,Intermediate,Intermediate Strength,0,2,0,10
36,Male,33.17,23.7,83,4,2,Cardio,Normal,Intermediate_Cardio_4x,Intermediate,Intermediate Cardio,1,0,1,8
29,Male,31.63,11.2,100,4,3,Endurance,Normal,Advanced_Endurance_4x,Advanced,Advanced Endurance,1,1,1,1
26,Male,26.75,26.7,56,2,1,Yoga,Normal,Beginner_Yoga_2x,Beginner,Beginner Yoga,1,3,1,7
24,Female,27.82,27.0,85,3,2,Endurance,Normal,Intermediate_Endurance_3x,Intermediate,Intermediate Endurance,0,1,1,9
45,Male,20.38,29.0,77,3,1,Cardio,Normal,Beginner_Cardio_3x,Beginner,Beginner Cardio,1,0,1,4
31,Female,17.7,26.1,66,2,1,Cardio,Normal,Beginner_Cardio_2x,Beginner,Beginner Cardio,0,0,1,4
48,Female,24.91,32.1,82,4,2,Endurance,Normal,Intermediate_Endurance_4x,Intermediate,Intermediate Endurance,0,1,1,9
36,Male,42.3,25.0,61,4,2,Cardio,Normal,Intermediate_Cardio_4x,Intermediate,Intermediate Cardio,1,0,1,8
33,Female,21.16,33.7,54,3,1,Cardio,Normal,Beginner_Cardio_3x,Beginner,Beginner Cardio,0,0,1,4
22,Male,27.84,21.3,31,2,1,Cardio,Normal,Beginner_Cardio_2x,Beginner,Beginner Cardio,1,0,1,4
52,Male,25.98,26.8,80,4,2,Endurance,Elderly,Intermediate_Endurance_4x,Intermediate,Intermediate Endurance,1,1,0,9
29,Male,32.51,25.7,77,4,2,Cardio,Normal,Intermediate_Cardio_4x,Intermediate,Intermediate Cardio,1,0,1,8
42,Male,23.73,12.4,101,4,3,Yoga,Normal,Advanced_Yoga_4x,Advanced,Advanced Yoga,1,3,1,3
38,Male,27.59,12.5,104,5,3,Yoga,Normal,Advanced_Yoga_5x,Advanced,Advanced Yoga,1,3,1,3
53,Female,17.6,32.2,82,3,2,Strength,Elderly,Intermediate_Strength_3x,Intermediate,Intermediate Strength,0,2,0,10
40,Female,23.87,34.4,37,2,1,Yoga,Normal,Beginner_Yoga_2x,Beginner,Beginner Yoga,0,3,1,7
33,Female,23.95,25.9,69,4,2,Strength,Normal,Intermediate_Strength_4x,Intermediate,Intermediate Strength,0,2,1,10
56,Male,31.84,20.2,61,4,2,Endurance,Elderly,Intermediate_Endurance_4x,Intermediate,Intermediate Endurance,1,1,0,9
59,Male,21.16,28.1,43,3,1,Cardio,Elderly,Beginner_Cardio_3x,Beginner,Beginner Cardio,1,0,0,4
56,Male,31.53,10.5,106,5,3,Yoga,Elderly,Advanced_Yoga_5x,Advanced,Advanced Yoga,1,3,0,3
31,Female,13.78,34.9,88,3,1,Strength,Normal,Beginner_Strength_3x,Beginner,Beginner Strength,0,2,1,6
48,Male,25.33,13.1,114,5,3,Endurance,Normal,Advanced_Endurance_5x,Advanced,Advanced Endurance,1,1,1,1
22,Female,34.06,31.5,87,3,2,Strength,Normal,Intermediate_Strength_3x,Intermediate,Intermediate Strength,0,2,1,10
52,Female,28.52,27.0,76,4,2,Cardio,Elderly,Intermediate_Cardio_4x,Intermediate,Intermediate Cardio,0,0,0,8
40,Male,20.86,22.4,68,4,2,Yoga,Normal,Intermediate_Yoga_4x,Intermediate,Intermediate Yoga,1,3,1,11
46,Male,21.07,13.3,110,5,3,Endurance,Normal,Advanced_Endurance_5x,Advanced,Advanced Endurance,1,1,1,1
28,Female,24.37,34.1,66,3,2,Strength,Normal,Intermediate_Strength_3x,Intermediate,Intermediate Strength,0,2,1,10
35,Male,21.04,29.8,62,4,2,Endurance,Normal,Intermediate_Endurance_4x,Intermediate,Intermediate Endurance,1,1,1,9
29,Female,23.76,27.0,89,3,1,Strength,Normal,Beginner_Strength_3x,Beginner,Beginner Strength,0,2,1,6
26,Male,23.84,21.3,70,3,2,Strength,Normal,Intermediate_Strength_3x,Intermediate,Intermediate Strength,1,2,1,10
27,Male,30.76,20.6,80,2,1,Cardio,Normal,Beginner_Cardio_2x,Beginner,Beginner Cardio,1,0,1,4
34,Female,30.4,33.7,82,4,2,Cardio,Normal,Intermediate_Cardio_4x,Intermediate,Intermediate Cardio,0,0,1,8
55,Male,18.35,22.9,82,4,2,Strength,Elderly,Intermediate_Strength_4x,Intermediate,Intermediate Strength,1,2,0,10
24,Female,26.4,25.0,75,3,2,Yoga,Normal,Intermediate_Yoga_3x,Intermediate,Intermediate Yoga,0,3,1,11
30,Male,31.08,22.2,76,3,1,Endurance,Normal,Beginner_Endurance_3x,Beginner,Beginner Endurance,1,1,1,5
57,Female,26.79,28.4,55,3,1,Endurance,Elderly,Beginner_Endurance_3x,Beginner,Beginner Endurance,0,1,0,5
59,Female,25.05,34.9,70,3,2,Cardio,Elderly,Intermediate_Cardio_3x,Intermediate,Intermediate Cardio,0,0,0,8
26,Male,30.89,25.2,61,2,1,Yoga,Normal,Beginner_Yoga_2x,Beginner,Beginner Yoga,1,3,1,7
44,Female,26.16,27.0,84,2,1,Strength,Normal,Beginner_Strength_2x,Beginner,Beginner Strength,0,2,1,6
19,Male,16.27,23.3,37,3,1,Cardio,Normal,Beginner_Cardio_3x,Beginner,Beginner Cardio,1,0,1,4
22,Male,23.88,11.7,115,5,3,Strength,Normal,Advanced_Strength_5x,Advanced,Advanced Strength,1,2,1,2
46,Male,21.05,20.2,70,4,2,Strength,Normal,Intermediate_Strength_4x,Intermediate,Intermediate Strength,1,2,1,10
54,Female,25.55,26.4,58,3,1,Cardio,Elderly,Beginner_Cardio_3x,Beginner,Beginner Cardio,0,0,0,4
55,Female,25.49,32.0,65,3,1,Yoga,Elderly,Beginner_Yoga_3x,Beginner,Beginner Yoga,0,3,0,7
36,Male,27.69,21.2,82,3,1,Endurance,Normal,Beginner_Endurance_3x,Beginner,Beginner Endurance,1,1,1,5
25,Male,36.01,22.3,62,3,2,Cardio,Normal,Intermediate_Cardio_3x,Intermediate,Intermediate Cardio,1,0,1,8
18,Female,27.18,28.5,85,3,2,Yoga,Normal,Intermediate_Yoga_3x,Intermediate,Intermediate Yoga,0,3,1,11
39,Male,23.88,27.6,46,2,1,Strength,Normal,Beginner_Strength_2x,Beginner,Beginner Strength,1,2,1,6
34,Male,24.09,25.8,40,2,1,Cardio,Normal,Beginner_Cardio_2x,Beginner,Beginner Cardio,1,0,1,4
24,Female,21.34,31.9,77,2,1,Endurance,Normal,Beginner_Endurance_2x,Beginner,Beginner Endurance,0,1,1,5
42,Male,20.2,25.7,79,3,2,Endurance,Normal,Intermediate_Endurance_3x,Intermediate,Intermediate Endurance,1,1,1,9
21,Female,28.03,31.8,68,3,2,Strength,Normal,Intermediate_Strength_3x,Intermediate,Intermediate Strength,0,2,1,10
53,Male,22.96,20.0,32,3,1,Cardio,Elderly,Beginner_Cardio_3x,Beginner,Beginner Cardio,1,0,0,4
23,Female,26.16,34.3,80,2,1,Endurance,Normal,Beginner_Endurance_2x,Beginner,Beginner Endurance,0,1,1,5
48,Male,33.21,21.1,82,3,1,Cardio,Normal,Beginner_Cardio_3x,Beginner,Beginner Cardio,1,0,1,4
36,Male,30.09,12.0,112,5,3,Endurance,Normal,Advanced_Endurance_5x,Advanced,Advanced Endurance,1,1,1,1
56,Female,27.12,32.7,87,2,1,Strength,Elderly,Beginner_Strength_2x,Beginner,Beginner Strength,0,2,0,6
44,Male,36.46,24.4,81,4,2,Strength,Normal,Intermediate_Strength_4x,Intermediate,Intermediate Strength,1,2,1,10
27,Female,21.23,34.5,76,4,2,Cardio,Normal,Intermediate_Cardio_4x,Intermediate,Intermediate Cardio,0,0,1,8
43,Male,17.32,24.7,62,3,1,Yoga,Normal,Beginner_Yoga_3x,Beginner,Beginner Yoga,1,3,1,7
36,Female,17.25,33.7,74,3,1,Yoga,Normal,Beginner_Yoga_3x,Beginner,Beginner Yoga,0,3,1,7
56,Female,17.51,33.1,77,2,1,Strength,Elderly,Beginner_Strength_2x,Beginner,Beginner Strength,0,2,0,6
20,Female,24.26,34.8,76,3,2,Endurance,Normal,Intermediate_Endurance_3x,Intermediate,Intermediate Endurance,0,1,1,9
30,Female,28.93,34.3,62,4,2,Yoga,Normal,Intermediate_Yoga_4x,Intermediate,Intermediate Yoga,0,3,1,11
45,Male,14.85,29.0,65,4,2,Strength,Normal,Intermediate_Strength_4x,Intermediate,Intermediate Strength,1,2,1,10
37,Male,24.35,27.3,82,4,2,Endurance,Normal,Intermediate_Endurance_4x,Intermediate,Intermediate Endurance,1,1,1,9
45,Female,16.5,28.7,88,2,1,Endurance,Normal,Beginner_Endurance_2x,Beginner,Beginner Endurance,0,1,1,5
25,Female,17.85,15.5,94,4,3,Yoga,Normal,Advanced_Yoga_4x,Advanced,Advanced Yoga,0,3,1,3
58,Female,17.82,31.9,83,4,2,Strength,Elderly,Intermediate_Strength_4x,Intermediate,Intermediate Strength,0,2,0,10
56,Male,13.81,29.8,41,3,1,Endurance,Elderly,Beginner_Endurance_3x,Beginner,Beginner Endurance,1,1,0,5
18,Male,21.66,13.6,110,4,3,Endurance,Normal,Advanced_Endurance_4x,Advanced,Advanced Endurance,1,1,1,1
20,Male,40.26,29.3,61,3,2,Cardio,Normal,Intermediate_Cardio_3x,Intermediate,Intermediate Cardio,1,0,1,8
30,Male,30.4,28.0,74,4,2,Cardio,Normal,Intermediate_Cardio_4x,Intermediate,Intermediate Cardio,1,0,1,8
45,Female,23.84,26.6,68,4,2,Yoga,Normal,Intermediate_Yoga_4x,Intermediate,Intermediate Yoga,0,3,1,11
42,Female,20.62,16.2,106,5,3,Cardio,Normal,Advanced_Cardio_5x,Advanced,Advanced Cardio,0,0,1,0
50,Female,18.24,28.4,85,4,2,Strength,Normal,Intermediate_Strength_4x,Intermediate,Intermediate Strength,0,2,1,10
55,Male,43.4,21.7,41,3,1,Yoga,Elderly,Beginner_Yoga_3x,Beginner,Beginner Yoga,1,3,0,7
23,Male,29.46,25.8,53,2,1,Yoga,Normal,Beginner_Yoga_2x,Beginner,Beginner Yoga,1,3,1,7
49,Male,22.15,14.9,110,4,3,Cardio,Normal,Advanced_Cardio_4x,Advanced,Advanced Cardio,1,0,1,0
38,Female,21.8,32.6,75,3,1,Endurance,Normal,Beginner_Endurance_3x,Beginner,Beginner Endurance,0,1,1,5
33,Female,23.78,29.2,64,3,1,Strength,Normal,Beginner_Strength_3x,Beginner,Beginner Strength,0,2,1,6
38,Male,15.49,20.0,62,4,2,Strength,Normal,Intermediate_Strength_4x,Intermediate,Intermediate Strength,1,2,1,10
28,Female,25.57,28.1,88,4,2,Strength,Normal,Intermediate_Strength_4x,Intermediate,Intermediate Strength,0,2,1,10
54,Male,20.7,25.3,68,3,2,Yoga,Elderly,Intermediate_Yoga_3x,Intermediate,Intermediate Yoga,1,3,0,11
53,Male,31.75,11.6,112,5,3,Strength,Elderly,Advanced_Strength_5x,Advanced,Advanced Strength,1,2,0,2
52,Female,24.72,26.1,82,3,1,Endurance,Elderly,Beginner_Endurance_3x,Beginner,Beginner Endurance,0,1,0,5
36,Male,41.84,24.4,50,3,1,Endurance,Normal,Beginner_Endurance_3x,Beginner,Beginner Endurance,1,1,1,5
37,Female,25.73,27.5,32,2,1,Cardio,Normal,Beginner_Cardio_2x,Beginner,Beginner Cardio,0,0,1,4
35,Male,25.01,14.5,107,5,3,Strength,Normal,Advanced_Strength_5x,Advanced,Advanced Strength,1,2,1,2
58,Female,26.43,26.0,62,4,2,Yoga,Elderly,Intermediate_Yoga_4x,Intermediate,Intermediate Yoga,0,3,0,11
31,Female,19.51,25.5,35,2,1,Cardio,Normal,Beginner_Cardio_2x,Beginner,Beginner Cardio,0,0,1,4
32,Female,23.56,15.0,100,5,3,Endurance,Normal,Advanced_Endurance_5x,Advanced,Advanced Endurance,0,1,1,1
48,Male,28.12,11.6,109,5,3,Strength,Normal,Advanced_Strength_5x,Advanced,Advanced Strength,1,2,1,2
18,Male,24.31,13.3,104,5,3,Endurance,Normal,Advanced_Endurance_5x,Advanced,Advanced Endurance,1,1,1,1
20,Female,20.29,18.7,103,4,3,Cardio,Normal,Advanced_Cardio_4x,Advanced,Advanced Cardio,0,0,1,0
33,Female,19.49,29.5,75,3,1,Endurance,Normal,Beginner_Endurance_3x,Beginner,Beginner Endurance,0,1,1,5
40,Male,15.75,26.8,85,4,2,Strength,Normal,Intermediate_Strength_4x,Intermediate,Intermediate Strength,1,2,1,10
28,Male,37.11,23.6,64,4,2,Strength,Normal,Intermediate_Strength_4x,Intermediate,Intermediate Strength,1,2,1,10
29,Male,24.64,13.3,105,5,3,Cardio,Normal,Advanced_Cardio_5x,Advanced,Advanced Cardio,1,0,1,0
27,Female,27.57,25.4,71,4,2,Strength,Normal,Intermediate_Strength_4x,Intermediate,Intermediate Strength,0,2,1,10
49,Male,23.94,23.9,77,4,2,Endurance,Normal,Intermediate_Endurance_4x,Intermediate,Intermediate Endurance,1,1,1,9
33,Male,33.5,27.9,84,3,2,Endurance,Normal,Intermediate_Endurance_3x,Intermediate,Intermediate Endurance,1,1,1,9
25,Female,32.34,33.0,33,2,1,Yoga,Normal,Beginner_Yoga_2x,Beginner,Beginner Yoga,0,3,1,7
55,Male,24.76,27.2,71,4,2,Yoga,Elderly,Intermediate_Yoga_4x,Intermediate,Intermediate Yoga,1,3,0,11
29,Male,25.15,11.0,91,4,3,Yoga,Normal,Advanced_Yoga_4x,Advanced,Advanced Yoga,1,3,1,3
41,Male,30.05,11.2,118,5,3,Endurance,Normal,Advanced_Endurance_5x,Advanced,Advanced Endurance,1,1,1,1
45,Female,23.17,35.0,46,3,1,Endurance,Normal,Beginner_Endurance_3x,Beginner,Beginner Endurance,0,1,1,5
25,Female,16.14,26.0,53,2,1,Cardio,Normal,Beginner_Cardio_2x,Beginner,Beginner Cardio,0,0,1,4
45,Female,20.14,26.8,57,3,1,Yoga,Normal,Beginner_Yoga_3x,Beginner,Beginner Yoga,0,3,1,7
53,Female,30.59,26.3,70,4,2,Endurance,Elderly,Intermediate_Endurance_4x,Intermediate,Intermediate Endurance,0,1,0,9
43,Female,18.44,16.6,100,5,3,Cardio,Normal,Advanced_Cardio_5x,Advanced,Advanced Cardio,0,0,1,0
25,Female,22.02,27.1,67,3,1,Endurance,Normal,Beginner_Endurance_3x,Beginner,Beginner Endurance,0,1,1,5
45,Female,24.28,30.0,71,4,2,Cardio,Normal,Intermediate_Cardio_4x,Intermediate,Intermediate Cardio,0,0,1,8
45,Male,27.35,12.4,102,5,3,Yoga,Normal,Advanced_Yoga_5x,Advanced,Advanced Yoga,1,3,1,3
54,Male,27.92,29.0,89,3,2,Yoga,Elderly,Intermediate_Yoga_3x,Intermediate,Intermediate Yoga,1,3,0,11
58,Female,16.53,25.3,77,4,2,Yoga,Elderly,Intermediate_Yoga_4x,Intermediate,Intermediate Yoga,0,3,0,11
53,Male,17.65,23.2,78,3,2,Endurance,Elderly,Intermediate_Endurance_3x,Intermediate,Intermediate Endurance,1,1,0,9
44,Male,27.94,26.0,76,4,2,Endurance,Normal,Intermediate_Endurance_4x,Intermediate,Intermediate Endurance,1,1,1,9
34,Female,23.46,31.0,68,3,1,Cardio,Normal,Beginner_Cardio_3x,Beginner,Beginner Cardio,0,0,1,4
26,Male,15.23,24.8,69,3,2,Strength,Normal,Intermediate_Strength_3x,Intermediate,Intermediate Strength,1,2,1,10
50,Male,15.42,28.2,83,4,2,Strength,Normal,Intermediate_Strength_4x,Intermediate,Intermediate Strength,1,2,1,10
37,Male,23.35,10.3,95,5,3,Yoga,Normal,Advanced_Yoga_5x,Advanced,Advanced Yoga,1,3,1,3
30,Male,35.79,28.2,88,4,2,Strength,Normal,Intermediate_Strength_4x,Intermediate,Intermediate Strength,1,2,1,10
45,Male,31.14,24.9,64,3,2,Yoga,Normal,Intermediate_Yoga_3x,Intermediate,Intermediate Yoga,1,3,1,11
46,Female,16.19,26.3,85,3,1,Cardio,Normal,Beginner_Cardio_3x,Beginner,Beginner Cardio,0,0,1,4
30,Female,17.01,33.9,65,3,2,Strength,Normal,Intermediate_Strength_3x,Intermediate,Intermediate Strength,0,2,1,10
52,Female,35.04,31.5,45,3,1,Strength,Elderly,Beginner_Strength_3x,Beginner,Beginner Strength,0,2,0,6
23,Male,35.44,21.6,43,2,1,Yoga,Normal,Beginner_Yoga_2x,Beginner,Beginner Yoga,1,3,1,7
35,Female,29.34,25.3,77,4,2,Cardio,Normal,Intermediate_Cardio_4x,Intermediate,Intermediate Cardio,0,0,1,8
22,Male,33.72,10.7,113,5,3,Strength,Normal,Advanced_Strength_5x,Advanced,Advanced Strength,1,2,1,2
42,Male,27.66,26.1,31,3,1,Strength,Normal,Beginner_Strength_3x,Beginner,Beginner Strength,1,2,1,6
19,Male,34.34,21.8,76,4,2,Strength,Normal,Intermediate_Strength_4x,Intermediate,Intermediate Strength,1,2,1,10
27,Male,22.57,11.1,108,4,3,Cardio,Normal,Advanced_Cardio_4x,Advanced,Advanced Cardio,1,0,1,0
47,Female,16.54,25.3,31,3,1,Cardio,Normal,Beginner_Cardio_3x,Beginner,Beginner Cardio,0,0,1,4
22,Female,17.59,32.2,88,3,2,Strength,Normal,Intermediate_Strength_3x,Intermediate,Intermediate Strength,0,2,1,10
50,Male,20.13,28.1,70,4,2,Yoga,Normal,Intermediate_Yoga_4x,Intermediate,Intermediate Yoga,1,3,1,11
18,Female,21.66,33.0,77,3,2,Yoga,Normal,Intermediate_Yoga_3x,Intermediate,Intermediate Yoga,0,3,1,11
35,Male,21.48,21.3,78,3,1,Strength,Normal,Beginner_Strength_3x,Beginner,Beginner Strength,1,2,1,6
49,Female,26.36,34.0,83,2,1,Cardio,Normal,Beginner_Cardio_2x,Beginner,Beginner Cardio,0,0,1,4
28,Female,29.62,31.7,66,3,2,Strength,Normal,Intermediate_Strength_3x,Intermediate,Intermediate Strength,0,2,1,10
38,Male,18.64,29.0,79,4,2,Cardio,Normal,Intermediate_Cardio_4x,Intermediate,Intermediate Cardio,1,0,1,8
43,Female,21.0,29.5,49,2,1,Strength,Normal,Beginner_Strength_2x,Beginner,Beginner Strength,0,2,1,6
42,Male,23.8,24.4,66,3,2,Cardio,Normal,Intermediate_Cardio_3x,Intermediate,Intermediate Cardio,1,0,1,8
39,Female,19.41,32.8,70,2,1,Endurance,Normal,Beginner_Endurance_2x,Beginner,Beginner Endurance,0,1,1,5
44,Male,38.5,20.9,80,4,2,Yoga,Normal,Intermediate_Yoga_4x,Intermediate,Intermediate Yoga,1,3,1,11
30,Male,17.06,25.2,68,2,1,Endurance,Normal,Beginner_Endurance_2x,Beginner,Beginner Endurance,1,1,1,5
50,Female,22.07,19.2,113,5,3,Yoga,Normal,Advanced_Yoga_5x,Advanced,Advanced Yoga,0,3,1,3
51,Female,31.05,33.3,43,2,1,Cardio,Elderly,Beginner_Cardio_2x,Beginner,Beginner Cardio,0,0,0,4
58,Male,16.23,29.6,67,3,1,Endurance,Elderly,Beginner_Endurance_3x,Beginner,Beginner Endurance,1,1,0,5
52,Female,18.68,32.0,90,2,1,Yoga,Elderly,Beginner_Yoga_2x,Beginner,Beginner Yoga,0,3,0,7
18,Female,30.44,27.1,58,2,1,Strength,Normal,Beginner_Strength_2x,Beginner,Beginner Strength,0,2,1,6
38,Male,26.48,10.1,103,4,3,Cardio,Normal,Advanced_Cardio_4x,Advanced,Advanced Cardio,1,0,1,0
23,Male,23.78,12.4,96,4,3,Cardio,Normal,Advanced_Cardio_4x,Advanced,Advanced Cardio,1,0,1,0
45,Female,18.7,30.1,87,2,1,Strength,Normal,Beginner_Strength_2x,Beginner,Beginner Strength,0,2,1,6
34,Male,16.41,22.4,83,4,2,Strength,Normal,Intermediate_Strength_4x,Intermediate,Intermediate Strength,1,2,1,10
22,Male,19.06,21.2,85,4,2,Yoga,Normal,Intermediate_Yoga_4x,Intermediate,Intermediate Yoga,1,3,1,11
48,Male,25.73,12.9,91,4,3,Cardio,Normal,Advanced_Cardio_4x,Advanced,Advanced Cardio,1,0,1,0
22,Female,19.71,32.6,60,3,2,Yoga,Normal,Intermediate_Yoga_3x,Intermediate,Intermediate Yoga,0,3,1,11
55,Female,21.8,34.9,79,3,1,Strength,Elderly,Beginner_Strength_3x,Beginner,Beginner Strength,0,2,0,6
20,Male,29.49,27.6,61,4,2,Cardio,Normal,Intermediate_Cardio_4x,Intermediate,Intermediate Cardio,1,0,1,8
40,Female,19.09,32.9,76,3,2,Strength,Normal,Intermediate_Strength_3x,Intermediate,Intermediate Strength,0,2,1,10
54,Male,29.1,26.2,68,3,1,Yoga,Elderly,Beginner_Yoga_3x,Beginner,Beginner Yoga,1,3,0,7
54,Female,29.17,34.9,85,4,2,Yoga,Elderly,Intermediate_Yoga_4x,Intermediate,Intermediate Yoga,0,3,0,11
27,Male,19.01,26.4,89,2,1,Yoga,Normal,Beginner_Yoga_2x,Beginner,Beginner Yoga,1,3,1,7
27,Male,33.33,28.6,83,4,2,Cardio,Normal,Intermediate_Cardio_4x,Intermediate,Intermediate Cardio,1,0,1,8
36,Female,19.36,34.5,59,3,1,Strength,Normal,Beginner_Strength_3x,Beginner,Beginner Strength,0,2,1,6
34,Male,20.11,29.3,71,4,2,Strength,Normal,Intermediate_Strength_4x,Intermediate,Intermediate Strength,1,2,1,10
38,Female,21.99,28.8,73,4,2,Yoga,Normal,Intermediate_Yoga_4x,Intermediate,Intermediate Yoga,0,3,1,11
31,Female,19.45,25.8,70,3,2,Yoga,Normal,Intermediate_Yoga_3x,Intermediate,Intermediate Yoga,0,3,1,11
26,Male,19.73,21.7,68,3,1,Yoga,Normal,Beginner_Yoga_3x,Beginner,Beginner Yoga,1,3,1,7
18,Male,45.14,20.6,88,3,2,Yoga,Normal,Intermediate_Yoga_3x,Intermediate,Intermediate Yoga,1,3,1,11
30,Female,22.48,26.1,61,4,2,Endurance,Normal,Intermediate_Endurance_4x,Intermediate,Intermediate Endurance,0,1,1,9
21,Male,25.03,21.8,82,3,2,Endurance,Normal,Intermediate_Endurance_3x,Intermediate,Intermediate Endurance,1,1,1,9
18,Male,19.47,23.4,72,3,2,Endurance,Normal,Intermediate_Endurance_3x,Intermediate,Intermediate Endurance,1,1,1,9
57,Male,22.14,25.4,68,4,2,Yoga,Elderly,Intermediate_Yoga_4x,Intermediate,Intermediate Yoga,1,3,0,11
49,Male,24.31,13.6,119,5,3,Yoga,Normal,Advanced_Yoga_5x,Advanced,Advanced Yoga,1,3,1,3
51,Male,20.76,22.1,68,2,1,Strength,Elderly,Beginner_Strength_2x,Beginner,Beginner Strength,1,2,0,6
45,Female,23.81,18.4,100,5,3,Cardio,Normal,Advanced_Cardio_5x,Advanced,Advanced Cardio,0,0,1,0
48,Female,28.88,32.0,71,3,2,Strength,Normal,Intermediate_Strength_3x,Intermediate,Intermediate Strength,0,2,1,10
25,Male,31.26,25.6,68,3,1,Endurance,Normal,Beginner_Endurance_3x,Beginner,Beginner Endurance,1,1,1,5
56,Male,33.97,29.0,82,2,1,Strength,Elderly,Beginner_Strength_2x,Beginner,Beginner Strength,1,2,0,6
43,Male,20.83,21.1,74,3,1,Yoga,Normal,Beginner_Yoga_3x,Beginner,Beginner Yoga,1,3,1,7
51,Female,23.37,26.8,67,4,2,Endurance,Elderly,Intermediate_Endurance_4x,Intermediate,Intermediate Endurance,0,1,0,9
20,Male,24.52,24.3,68,3,2,Endurance,Normal,Intermediate_Endurance_3x,Intermediate,Intermediate Endurance,1,1,1,9
29,Female,29.89,26.3,72,4,2,Cardio,Normal,Intermediate_Cardio_4x,Intermediate,Intermediate Cardio,0,0,1,8
18,Female,27.14,30.7,64,3,2,Cardio,Normal,Intermediate_Cardio_3x,Intermediate,Intermediate Cardio,0,0,1,8
22,Female,15.72,29.0,82,4,2,Endurance,Normal,Intermediate_Endurance_4x,Intermediate,Intermediate Endurance,0,1,1,9
47,Male,22.64,22.8,85,3,1,Endurance,Normal,Beginner_Endurance_3x,Beginner,Beginner Endurance,1,1,1,5
47,Female,12.91,26.7,48,3,1,Strength,Normal,Beginner_Strength_3x,Beginner,Beginner Strength,0,2,1,6
34,Male,32.84,23.4,71,4,2,Endurance,Normal,Intermediate_Endurance_4x,Intermediate,Intermediate Endurance,1,1,1,9
40,Female,29.14,31.1,51,3,1,Yoga,Normal,Beginner_Yoga_3x,Beginner,Beginner Yoga,0,3,1,7
32,Male,27.74,25.8,87,3,1,Strength,Normal,Beginner_Strength_3x,Beginner,Beginner Strength,1,2,1,6
54,Female,16.09,26.6,77,4,2,Yoga,Elderly,Intermediate_Yoga_4x,Intermediate,Intermediate Yoga,0,3,0,11
38,Male,46.98,21.2,80,4,2,Yoga,Normal,Intermediate_Yoga_4x,Intermediate,Intermediate Yoga,1,3,1,11
31,Female,23.79,15.1,108,5,3,Yoga,Normal,Advanced_Yoga_5x,Advanced,Advanced Yoga,0,3,1,3
19,Male,21.45,10.1,114,5,3,Endurance,Normal,Advanced_Endurance_5x,Advanced,Advanced Endurance,1,1,1,1
28,Male,26.47,28.8,81,4,2,Cardio,Normal,Intermediate_Cardio_4x,Intermediate,Intermediate Cardio,1,0,1,8
56,Male,39.77,20.5,77,3,2,Cardio,Elderly,Intermediate_Cardio_3x,Intermediate,Intermediate Cardio,1,0,0,8
55,Male,27.58,27.3,60,3,2,Yoga,Elderly,Intermediate_Yoga_3x,Intermediate,Intermediate Yoga,1,3,0,11
51,Female,19.72,33.7,64,4,2,Endurance,Elderly,Intermediate_Endurance_4x,Intermediate,Intermediate Endurance,0,1,0,9
55,Female,26.98,26.0,32,3,1,Strength,Elderly,Beginner_Strength_3x,Beginner,Beginner Strength,0,2,0,6
51,Male,41.34,24.4,83,3,2,Yoga,Elderly,Intermediate_Yoga_3x,Intermediate,Intermediate Yoga,1,3,0,11
35,Female,22.72,19.8,103,5,3,Strength,Normal,Advanced_Strength_5x,Advanced,Advanced Strength,0,2,1,2
47,Male,22.81,28.3,82,3,1,Strength,Normal,Beginner_Strength_3x,Beginner,Beginner Strength,1,2,1,6
32,Male,25.33,24.9,82,3,2,Endurance,Normal,Intermediate_Endurance_3x,Intermediate,Intermediate Endurance,1,1,1,9
44,Female,22.19,32.6,76,4,2,Endurance,Normal,Intermediate_Endurance_4x,Intermediate,Intermediate Endurance,0,1,1,9
51,Male,19.02,28.3,82,2,1,Cardio,Elderly,Beginner_Cardio_2x,Beginner,Beginner Cardio,1,0,0,4
55,Male,28.97,23.5,86,3,1,Cardio,Elderly,Beginner_Cardio_3x,Beginner,Beginner Cardio,1,0,0,4
50,Female,30.63,33.9,53,3,1,Endurance,Normal,Beginner_Endurance_3x,Beginner,Beginner Endurance,0,1,1,5
41,Male,14.87,24.7,76,3,1,Yoga,Normal,Beginner_Yoga_3x,Beginner,Beginner Yoga,1,3,1,7
32,Male,24.84,25.3,35,2,1,Cardio,Normal,Beginner_Cardio_2x,Beginner,Beginner Cardio,1,0,1,4
47,Male,32.42,15.0,120,4,3,Strength,Normal,Advanced_Strength_4x,Advanced,Advanced Strength,1,2,1,2
59,Male,33.07,28.4,34,3,1,Yoga,Elderly,Beginner_Yoga_3x,Beginner,Beginner Yoga,1,3,0,7
34,Female,18.09,28.6,61,3,2,Strength,Normal,Intermediate_Strength_3x,Intermediate,Intermediate Strength,0,2,1,10
22,Female,27.47,25.1,83,3,1,Endurance,Normal,Beginner_Endurance_3x,Beginner,Beginner Endurance,0,1,1,5
46,Female,26.35,18.1,97,4,3,Strength,Normal,Advanced_Strength_4x,Advanced,Advanced Strength,0,2,1,2
21,Male,38.76,27.0,64,3,1,Yoga,Normal,Beginner_Yoga_3x,Beginner,Beginner Yoga,1,3,1,7
27,Male,30.64,26.5,85,3,2,Endurance,Normal,Intermediate_Endurance_3x,Intermediate,Intermediate Endurance,1,1,1,9
34,Female,24.5,19.8,106,5,3,Yoga,Normal,Advanced_Yoga_5x,Advanced,Advanced Yoga,0,3,1,3
27,Male,31.13,14.3,105,4,3,Strength,Normal,Advanced_Strength_4x,Advanced,Advanced Strength,1,2,1,2
34,Male,35.19,24.5,82,2,1,Yoga,Normal,Beginner_Yoga_2x,Beginner,Beginner Yoga,1,3,1,7
37,Male,30.74,10.3,109,5,3,Endurance,Normal,Advanced_Endurance_5x,Advanced,Advanced Endurance,1,1,1,1
41,Male,28.66,24.8,64,4,2,Strength,Normal,Intermediate_Strength_4x,Intermediate,Intermediate Strength,1,2,1,10
22,Female,27.16,31.9,82,4,2,Strength,Normal,Intermediate_Strength_4x,Intermediate,Intermediate Strength,0,2,1,10
51,Female,30.96,31.1,58,2,1,Cardio,Elderly,Beginner_Cardio_2x,Beginner,Beginner Cardio,0,0,0,4
23,Female,22.32,30.4,31,2,1,Cardio,Normal,Beginner_Cardio_2x,Beginner,Beginner Cardio,0,0,1,4
19,Male,19.13,24.7,70,3,2,Yoga,Normal,Intermediate_Yoga_3x,Intermediate,Intermediate Yoga,1,3,1,11
30,Female,24.87,27.9,85,4,2,Cardio,Normal,Intermediate_Cardio_4x,Intermediate,Intermediate Cardio,0,0,1,8
28,Female,27.88,27.8,89,3,2,Cardio,Normal,Intermediate_Cardio_3x,Intermediate,Intermediate Cardio,0,0,1,8
40,Male,17.4,25.0,70,4,2,Cardio,Normal,Intermediate_Cardio_4x,Intermediate,Intermediate Cardio,1,0,1,8
33,Male,12.85,21.6,87,3,2,Cardio,Normal,Intermediate_Cardio_3x,Intermediate,Intermediate Cardio,1,0,1,8
48,Female,23.88,28.4,45,3,1,Endurance,Normal,Beginner_Endurance_3x,Beginner,Beginner Endurance,0,1,1,5
28,Female,31.49,28.2,89,3,2,Endurance,Normal,Intermediate_Endurance_3x,Intermediate,Intermediate Endurance,0,1,1,9
33,Female,23.2,30.9,61,2,1,Cardio,Normal,Beginner_Cardio_2x,Beginner,Beginner Cardio,0,0,1,4
25,Female,23.11,25.7,82,3,2,Yoga,Normal,Intermediate_Yoga_3x,Intermediate,Intermediate Yoga,0,3,1,11
21,Male,19.92,28.3,79,3,2,Endurance,Normal,Intermediate_Endurance_3x,Intermediate,Intermediate Endurance,1,1,1,9
57,Female,26.46,17.8,91,5,3,Cardio,Elderly,Advanced_Cardio_5x,Advanced,Advanced Cardio,0,0,0,0
21,Female,17.33,31.7,33,2,1,Endurance,Normal,Beginner_Endurance_2x,Beginner,Beginner Endurance,0,1,1,5
42,Male,18.7,27.0,38,3,1,Strength,Normal,Beginner_Strength_3x,Beginner,Beginner Strength,1,2,1,6
20,Female,16.48,27.9,55,2,1,Endurance,Normal,Beginner_Endurance_2x,Beginner,Beginner Endurance,0,1,1,5
49,Male,14.6,24.7,56,3,1,Endurance,Normal,Beginner_Endurance_3x,Beginner,Beginner Endurance,1,1,1,5
20,Male,25.62,29.6,47,2,1,Yoga,Normal,Beginner_Yoga_2x,Beginner,Beginner Yoga,1,3,1,7
44,Male,25.75,13.8,91,5,3,Endurance,Normal,Advanced_Endurance_5x,Advanced,Advanced Endurance,1,1,1,1
46,Female,22.22,34.7,67,3,1,Yoga,Normal,Beginner_Yoga_3x,Beginner,Beginner Yoga,0,3,1,7
49,Female,25.17,32.5,56,3,1,Strength,Normal,Beginner_Strength_3x,Beginner,Beginner Strength,0,2,1,6
36,Male,32.73,21.8,89,3,2,Cardio,Normal,Intermediate_Cardio_3x,Intermediate,Intermediate Cardio,1,0,1,8
38,Female,30.43,25.6,71,4,2,Yoga,Normal,Intermediate_Yoga_4x,Intermediate,Intermediate Yoga,0,3,1,11
22,Female,16.56,30.8,87,4,2,Endurance,Normal,Intermediate_Endurance_4x,Intermediate,Intermediate Endurance,0,1,1,9
35,Male,32.74,23.6,50,2,1,Endurance,Normal,Beginner_Endurance_2x,Beginner,Beginner Endurance,1,1,1,5
45,Male,20.83,22.8,88,3,2,Yoga,Normal,Intermediate_Yoga_3x,Intermediate,Intermediate Yoga,1,3,1,11
59,Female,24.19,33.1,88,3,1,Strength,Elderly,Beginner_Strength_3x,Beginner,Beginner Strength,0,2,0,6
39,Male,20.29,23.7,33,2,1,Cardio,Normal,Beginner_Cardio_2x,Beginner,Beginner Cardio,1,0,1,4
38,Female,23.71,16.6,98,5,3,Endurance,Normal,Advanced_Endurance_5x,Advanced,Advanced Endurance,0,1,1,1
23,Female,18.52,33.5,46,3,1,Strength,Normal,Beginner_Strength_3x,Beginner,Beginner Strength,0,2,1,6
18,Female,18.68,33.5,77,3,2,Cardio,Normal,Intermediate_Cardio_3x,Intermediate,Intermediate Cardio,0,0,1,8
22,Female,15.14,28.6,89,4,2,Cardio,Normal,Intermediate_Cardio_4x,Intermediate,Intermediate Cardio,0,0,1,8
58,Male,30.49,28.3,54,2,1,Endurance,Elderly,Beginner_Endurance_2x,Beginner,Beginner Endurance,1,1,0,5
29,Male,28.7,14.3,107,4,3,Yoga,Normal,Advanced_Yoga_4x,Advanced,Advanced Yoga,1,3,1,3
43,Male,30.55,24.2,65,3,1,Endurance,Normal,Beginner_Endurance_3x,Beginner,Beginner Endurance,1,1,1,5
51,Male,21.67,20.7,73,3,2,Endurance,Elderly,Intermediate_Endurance_3x,Intermediate,Intermediate Endurance,1,1,0,9
31,Female,19.31,15.0,103,4,3,Endurance,Normal,Advanced_Endurance_4x,Advanced,Advanced Endurance,0,1,1,1
43,Female,18.19,30.2,62,4,2,Strength,Normal,Intermediate_Strength_4x,Intermediate,Intermediate Strength,0,2,1,10
44,Male,22.31,11.7,100,5,3,Yoga,Normal,Advanced_Yoga_5x,Advanced,Advanced Yoga,1,3,1,3
26,Female,26.1,35.0,82,2,1,Strength,Normal,Beginner_Strength_2x,Beginner,Beginner Strength,0,2,1,6
43,Female,21.16,32.7,89,4,2,Endurance,Normal,Intermediate_Endurance_4x,Intermediate,Intermediate Endurance,0,1,1,9
39,Female,21.87,32.6,53,2,1,Yoga,Normal,Beginner_Yoga_2x,Beginner,Beginner Yoga,0,3,1,7
47,Male,12.32,29.6,77,3,2,Cardio,Normal,Intermediate_Cardio_3x,Intermediate,Intermediate Cardio,1,0,1,8
34,Male,32.72,14.4,114,4,3,Yoga,Normal,Advanced_Yoga_4x,Advanced,Advanced Yoga,1,3,1,3
43,Male,29.34,23.2,79,2,1,Endurance,Normal,Beginner_Endurance_2x,Beginner,Beginner Endurance,1,1,1,5
53,Female,13.95,26.7,80,3,2,Yoga,Elderly,Intermediate_Yoga_3x,Intermediate,Intermediate Yoga,0,3,0,11
18,Male,23.79,27.5,40,3,1,Cardio,Normal,Beginner_Cardio_3x,Beginner,Beginner Cardio,1,0,1,4
25,Male,26.48,23.8,88,4,2,Cardio,Normal,Intermediate_Cardio_4x,Intermediate,Intermediate Cardio,1,0,1,8
52,Male,13.82,24.7,61,3,2,Yoga,Elderly,Intermediate_Yoga_3x,Intermediate,Intermediate Yoga,1,3,0,11
32,Male,31.71,13.2,106,4,3,Cardio,Normal,Advanced_Cardio_4x,Advanced,Advanced Cardio,1,0,1,0
39,Male,17.83,29.1,81,4,2,Strength,Normal,Intermediate_Strength_4x,Intermediate,Intermediate Strength,1,2,1,10
31,Male,17.91,24.2,43,2,1,Yoga,Normal,Beginner_Yoga_2x,Beginner,Beginner Yoga,1,3,1,7
43,Female,22.44,32.8,47,3,1,Cardio,Normal,Beginner_Cardio_3x,Beginner,Beginner Cardio,0,0,1,4
45,Female,15.73,27.7,44,2,1,Cardio,Normal,Beginner_Cardio_2x,Beginner,Beginner Cardio,0,0,1,4
40,Male,26.99,27.0,55,2,1,Yoga,Normal,Beginner_Yoga_2x,Beginner,Beginner Yoga,1,3,1,7
31,Male,18.79,20.0,34,2,1,Strength,Normal,Beginner_Strength_2x,Beginner,Beginner Strength,1,2,1,6
41,Female,23.01,19.4,116,4,3,Yoga,Normal,Advanced_Yoga_4x,Advanced,Advanced Yoga,0,3,1,3
19,Female,17.4,25.3,85,4,2,Cardio,Normal,Intermediate_Cardio_4x,Intermediate,Intermediate Cardio,0,0,1,8
43,Male,19.86,27.1,67,3,2,Yoga,Normal,Intermediate_Yoga_3x,Intermediate,Intermediate Yoga,1,3,1,11
31,Male,20.27,20.5,36,2,1,Cardio,Normal,Beginner_Cardio_2x,Beginner,Beginner Cardio,1,0,1,4
24,Male,27.53,11.3,106,4,3,Endurance,Normal,Advanced_Endurance_4x,Advanced,Advanced Endurance,1,1,1,1
20,Male,24.42,25.0,80,3,2,Yoga,Normal,Intermediate_Yoga_3x,Intermediate,Intermediate Yoga,1,3,1,11
40,Female,28.2,29.2,52,3,1,Yoga,Normal,Beginner_Yoga_3x,Beginner,Beginner Yoga,0,3,1,7
35,Male,23.64,21.9,85,4,2,Cardio,Normal,Intermediate_Cardio_4x,Intermediate,Intermediate Cardio,1,0,1,8
55,Male,26.43,23.3,71,3,2,Cardio,Elderly,Intermediate_Cardio_3x,Intermediate,Intermediate Cardio,1,0,0,8
52,Male,40.79,27.3,32,2,1,Cardio,Elderly,Beginner_Cardio_2x,Beginner,Beginner Cardio,1,0,0,4
32,Male,21.0,26.7,83,3,2,Cardio,Normal,Intermediate_Cardio_3x,Intermediate,Intermediate Cardio,1,0,1,8
42,Female,27.78,25.7,70,4,2,Yoga,Normal,Intermediate_Yoga_4x,Intermediate,Intermediate Yoga,0,3,1,11
54,Female,23.1,32.5,65,2,1,Cardio,Elderly,Beginner_Cardio_2x,Beginner,Beginner Cardio,0,0,0,4
45,Female,27.11,15.3,100,4,3,Yoga,Normal,Advanced_Yoga_4x,Advanced,Advanced Yoga,0,3,1,3
27,Male,25.54,12.7,97,5,3,Strength,Normal,Advanced_Strength_5x,Advanced,Advanced Strength,1,2,1,2
56,Male,34.8,22.6,83,3,2,Yoga,Elderly,Intermediate_Yoga_3x,Intermediate,Intermediate Yoga,1,3,0,11
34,Female,22.48,30.9,68,4,2,Cardio,Normal,Intermediate_Cardio_4x,Intermediate,Intermediate Cardio,0,0,1,8
56,Male,16.97,22.6,65,3,2,Cardio,Elderly,Intermediate_Cardio_3x,Intermediate,Intermediate Cardio,1,0,0,8
39,Male,38.49,29.8,76,3,2,Strength,Normal,Intermediate_Strength_3x,Intermediate,Intermediate Strength,1,2,1,10
43,Female,29.69,28.1,85,4,2,Yoga,Normal,Intermediate_Yoga_4x,Intermediate,Intermediate Yoga,0,3,1,11
42,Female,24.22,27.4,64,3,1,Strength,Normal,Beginner_Strength_3x,Beginner,Beginner Strength,0,2,1,6
34,Female,20.36,27.8,80,4,2,Yoga,Normal,Intermediate_Yoga_4x,Intermediate,Intermediate Yoga,0,3,1,11
30,Female,26.66,19.5,107,4,3,Cardio,Normal,Advanced_Cardio_4x,Advanced,Advanced Cardio,0,0,1,0
37,Male,22.67,26.4,74,4,2,Yoga,Normal,Intermediate_Yoga_4x,Intermediate,Intermediate Yoga,1,3,1,11
42,Male,21.29,27.3,73,2,1,Cardio,Normal,Beginner_Cardio_2x,Beginner,Beginner Cardio,1,0,1,4
21,Female,25.72,34.2,71,3,2,Cardio,Normal,Intermediate_Cardio_3x,Intermediate,Intermediate Cardio,0,0,1,8
27,Male,26.54,29.1,58,3,1,Endurance,Normal,Beginner_Endurance_3x,Beginner,Beginner Endurance,1,1,1,5
20,Female,17.05,32.4,65,2,1,Endurance,Normal,Beginner_Endurance_2x,Beginner,Beginner Endurance,0,1,1,5
58,Female,19.55,27.0,44,2,1,Yoga,Elderly,Beginner_Yoga_2x,Beginner,Beginner Yoga,0,3,0,7
35,Male,37.98,28.4,66,2,1,Cardio,Normal,Beginner_Cardio_2x,Beginner,Beginner Cardio,1,0,1,4
53,Female,23.23,27.0,67,4,2,Strength,Elderly,Intermediate_Strength_4x,Intermediate,Intermediate Strength,0,2,0,10
39,Male,15.65,27.4,81,4,2,Cardio,Normal,Intermediate_Cardio_4x,Intermediate,Intermediate Cardio,1,0,1,8
51,Male,15.51,26.9,88,2,1,Strength,Elderly,Beginner_Strength_2x,Beginner,Beginner Strength,1,2,0,6
25,Male,21.49,13.8,116,4,3,Yoga,Normal,Advanced_Yoga_4x,Advanced,Advanced Yoga,1,3,1,3
57,Male,29.97,12.7,106,5,3,Yoga,Elderly,Advanced_Yoga_5x,Advanced,Advanced Yoga,1,3,0,3
36,Female,20.28,18.2,98,5,3,Strength,Normal,Advanced_Strength_5x,Advanced,Advanced Strength,0,2,1,2
59,Male,44.26,29.5,74,3,1,Strength,Elderly,Beginner_Strength_3x,Beginner,Beginner Strength,1,2,0,6
58,Female,23.8,26.0,63,4,2,Cardio,Elderly,Intermediate_Cardio_4x,Intermediate,Intermediate Cardio,0,0,0,8
54,Female,22.48,16.5,101,4,3,Yoga,Elderly,Advanced_Yoga_4x,Advanced,Advanced Yoga,0,3,0,3
23,Female,24.84,31.1,82,3,2,Cardio,Normal,Intermediate_Cardio_3x,Intermediate,Intermediate Cardio,0,0,1,8
43,Female,25.44,34.6,59,2,1,Strength,Normal,Beginner_Strength_2x,Beginner,Beginner Strength,0,2,1,6
51,Male,32.75,21.0,73,2,1,Endurance,Elderly,Beginner_Endurance_2x,Beginner,Beginner Endurance,1,1,0,5
23,Male,28.78,20.2,69,4,2,Endurance,Normal,Intermediate_Endurance_4x,Intermediate,Intermediate Endurance,1,1,1,9
54,Female,18.45,15.3,106,5,3,Endurance,Elderly,Advanced_Endurance_5x,Advanced,Advanced Endurance,0,1,0,1
50,Female,20.11,25.5,73,4,2,Strength,Normal,Intermediate_Strength_4x,Intermediate,Intermediate Strength,0,2,1,10
39,Male,26.68,29.1,79,4,2,Cardio,Normal,Intermediate_Cardio_4x,Intermediate,Intermediate Cardio,1,0,1,8
38,Female,30.68,32.2,44,2,1,Yoga,Normal,Beginner_Yoga_2x,Beginner,Beginner Yoga,0,3,1,7
23,Male,36.45,26.8,60,4,2,Strength,Normal,Intermediate_Strength_4x,Intermediate,Intermediate Strength,1,2,1,10
23,Female,23.77,17.6,108,4,3,Endurance,Normal,Advanced_Endurance_4x,Advanced,Advanced Endurance,0,1,1,1
21,Male,31.31,27.8,60,2,1,Cardio,Normal,Beginner_Cardio_2x,Beginner,Beginner Cardio,1,0,1,4
47,Female,16.66,26.6,62,4,2,Yoga,Normal,Intermediate_Yoga_4x,Intermediate,Intermediate Yoga,0,3,1,11
28,Female,17.2,17.0,119,5,3,Yoga,Normal,Advanced_Yoga_5x,Advanced,Advanced Yoga,0,3,1,3
47,Male,41.03,24.9,43,2,1,Strength,Normal,Beginner_Strength_2x,Beginner,Beginner Strength,1,2,1,6
48,Female,26.99,26.1,80,4,2,Strength,Normal,Intermediate_Strength_4x,Intermediate,Intermediate Strength,0,2,1,10
41,Female,22.06,29.2,80,3,1,Yoga,Normal,Beginner_Yoga_3x,Beginner,Beginner Yoga,0,3,1,7
26,Male,40.52,23.2,69,4,2,Yoga,Normal,Intermediate_Yoga_4x,Intermediate,Intermediate Yoga,1,3,1,11
20,Female,28.56,25.4,64,3,2,Endurance,Normal,Intermediate_Endurance_3x,Intermediate,Intermediate Endurance,0,1,1,9
48,Male,49.84,21.4,64,4,2,Yoga,Normal,Intermediate_Yoga_4x,Intermediate,Intermediate Yoga,1,3,1,11
57,Male,27.84,27.6,66,3,2,Strength,Elderly,Intermediate_Strength_3x,Intermediate,Intermediate Strength,1,2,0,10
54,Female,28.46,25.2,43,3,1,Cardio,Elderly,Beginner_Cardio_3x,Beginner,Beginner Cardio,0,0,0,4
53,Female,26.81,19.7,106,4,3,Endurance,Elderly,Advanced_Endurance_4x,Advanced,Advanced Endurance,0,1,0,1
41,Female,26.33,25.9,62,4,2,Endurance,Normal,Intermediate_Endurance_4x,Intermediate,Intermediate Endurance,0,1,1,9
48,Female,18.98,33.0,44,3,1,Yoga,Normal,Beginner_Yoga_3x,Beginner,Beginner Yoga,0,3,1,7
23,Female,23.6,34.0,83,4,2,Cardio,Normal,Intermediate_Cardio_4x,Intermediate,Intermediate Cardio,0,0,1,8
19,Female,17.61,34.4,81,4,2,Endurance,Normal,Intermediate_Endurance_4x,Intermediate,Intermediate Endurance,0,1,1,9
37,Female,22.44,33.7,61,2,1,Strength,Normal,Beginner_Strength_2x,Beginner,Beginner Strength,0,2,1,6
45,Male,26.08,11.4,102,4,3,Yoga,Normal,Advanced_Yoga_4x,Advanced,Advanced Yoga,1,3,1,3
28,Female,24.89,16.7,116,5,3,Strength,Normal,Advanced_Strength_5x,Advanced,Advanced Strength,0,2,1,2
21,Male,29.89,24.3,78,2,1,Yoga,Normal,Beginner_Yoga_2x,Beginner,Beginner Yoga,1,3,1,7
32,Female,22.96,15.7,99,4,3,Endurance,Normal,Advanced_Endurance_4x,Advanced,Advanced Endurance,0,1,1,1
23,Female,13.36,25.2,49,3,1,Yoga,Normal,Beginner_Yoga_3x,Beginner,Beginner Yoga,0,3,1,7
47,Male,46.94,28.7,46,2,1,Cardio,Normal,Beginner_Cardio_2x,Beginner,Beginner Cardio,1,0,1,4
55,Female,15.92,30.5,77,2,1,Strength,Elderly,Beginner_Strength_2x,Beginner,Beginner Strength,0,2,0,6
19,Female,24.2,18.0,112,5,3,Cardio,Normal,Advanced_Cardio_5x,Advanced,Advanced Cardio,0,0,1,0
32,Male,18.79,29.3,71,3,2,Strength,Normal,Intermediate_Strength_3x,Intermediate,Intermediate Strength,1,2,1,10
28,Female,24.01,31.7,41,2,1,Strength,Normal,Beginner_Strength_2x,Beginner,Beginner Strength,0,2,1,6
25,Female,14.74,31.9,62,3,2,Yoga,Normal,Intermediate_Yoga_3x,Intermediate,Intermediate Yoga,0,3,1,11
43,Female,13.38,32.9,90,3,2,Endurance,Normal,Intermediate_Endurance_3x,Intermediate,Intermediate Endurance,0,1,1,9
22,Male,27.05,21.2,55,2,1,Endurance,Normal,Beginner_Endurance_2x,Beginner,Beginner Endurance,1,1,1,5
23,Female,23.21,16.8,95,5,3,Cardio,Normal,Advanced_Cardio_5x,Advanced,Advanced Cardio,0,0,1,0
43,Female,23.48,19.8,113,4,3,Yoga,Normal,Advanced_Yoga_4x,Advanced,Advanced Yoga,0,3,1,3
21,Female,17.44,34.2,64,3,2,Endurance,Normal,Intermediate_Endurance_3x,Intermediate,Intermediate Endurance,0,1,1,9
36,Female,18.42,19.4,99,4,3,Strength,Normal,Advanced_Strength_4x,Advanced,Advanced Strength,0,2,1,2
37,Male,23.22,24.5,89,4,2,Strength,Normal,Intermediate_Strength_4x,Intermediate,Intermediate Strength,1,2,1,10
50,Male,25.7,14.3,111,4,3,Yoga,Normal,Advanced_Yoga_4x,Advanced,Advanced Yoga,1,3,1,3
37,Female,24.21,25.5,62,3,2,Cardio,Normal,Intermediate_Cardio_3x,Intermediate,Intermediate Cardio,0,0,1,8
29,Female,19.88,26.5,80,3,2,Yoga,Normal,Intermediate_Yoga_3x,Intermediate,Intermediate Yoga,0,3,1,11
18,Male,29.5,24.1,62,3,1,Cardio,Normal,Beginner_Cardio_3x,Beginner,Beginner Cardio,1,0,1,4
43,Male,25.56,12.4,95,5,3,Yoga,Normal,Advanced_Yoga_5x,Advanced,Advanced Yoga,1,3,1,3
31,Female,17.27,27.6,73,4,2,Strength,Normal,Intermediate_Strength_4x,Intermediate,Intermediate Strength,0,2,1,10
55,Male,18.46,23.6,46,3,1,Yoga,Elderly,Beginner_Yoga_3x,Beginner,Beginner Yoga,1,3,0,7
54,Female,30.34,26.6,46,2,1,Endurance,Elderly,Beginner_Endurance_2x,Beginner,Beginner Endurance,0,1,0,5
28,Male,27.43,24.9,77,4,2,Endurance,Normal,Intermediate_Endurance_4x,Intermediate,Intermediate Endurance,1,1,1,9
53,Male,23.7,27.9,65,3,2,Yoga,Elderly,Intermediate_Yoga_3x,Intermediate,Intermediate Yoga,1,3,0,11
30,Male,32.66,26.6,79,4,2,Cardio,Normal,Intermediate_Cardio_4x,Intermediate,Intermediate Cardio,1,0,1,8
20,Male,23.25,10.5,103,5,3,Cardio,Normal,Advanced_Cardio_5x,Advanced,Advanced Cardio,1,0,1,0
50,Female,29.3,29.9,44,2,1,Strength,Normal,Beginner_Strength_2x,Beginner,Beginner Strength,0,2,1,6
23,Male,19.73,27.0,69,3,2,Strength,Normal,Intermediate_Strength_3x,Intermediate,Intermediate Strength,1,2,1,10
27,Male,24.44,25.3,41,3,1,Cardio,Normal,Beginner_Cardio_3x,Beginner,Beginner Cardio,1,0,1,4
22,Female,26.75,17.0,110,5,3,Yoga,Normal,Advanced_Yoga_5x,Advanced,Advanced Yoga,0,3,1,3
40,Male,25.92,13.1,98,5,3,Strength,Normal,Advanced_Strength_5x,Advanced,Advanced Strength,1,2,1,2
27,Male,36.95,29.7,77,3,2,Cardio,Normal,Intermediate_Cardio_3x,Intermediate,Intermediate Cardio,1,0,1,8
19,Female,26.32,25.9,88,3,2,Cardio,Normal,Intermediate_Cardio_3x,Intermediate,Intermediate Cardio,0,0,1,8
30,Male,31.32,23.9,40,2,1,Yoga,Normal,Beginner_Yoga_2x,Beginner,Beginner Yoga,1,3,1,7
57,Female,21.06,29.1,63,3,2,Endurance,Elderly,Intermediate_Endurance_3x,Intermediate,Intermediate Endurance,0,1,0,9
19,Female,23.98,17.9,99,5,3,Cardio,Normal,Advanced_Cardio_5x,Advanced,Advanced Cardio,0,0,1,0
37,Female,21.84,26.5,83,4,2,Strength,Normal,Intermediate_Strength_4x,Intermediate,Intermediate Strength,0,2,1,10
18,Female,21.84,26.8,56,2,1,Yoga,Normal,Beginner_Yoga_2x,Beginner,Beginner Yoga,0,3,1,7
54,Male,28.56,22.9,85,3,2,Yoga,Elderly,Intermediate_Yoga_3x,Intermediate,Intermediate Yoga,1,3,0,11
26,Female,24.07,19.8,113,4,3,Yoga,Normal,Advanced_Yoga_4x,Advanced,Advanced Yoga,0,3,1,3
34,Male,34.92,27.3,58,2,1,Endurance,Normal,Beginner_Endurance_2x,Beginner,Beginner Endurance,1,1,1,5
26,Male,12.97,26.6,45,2,1,Endurance,Normal,Beginner_Endurance_2x,Beginner,Beginner Endurance,1,1,1,5
28,Male,14.57,28.2,79,4,2,Strength,Normal,Intermediate_Strength_4x,Intermediate,Intermediate Strength,1,2,1,10
32,Male,24.36,10.6,116,4,3,Strength,Normal,Advanced_Strength_4x,Advanced,Advanced Strength,1,2,1,2
41,Male,30.19,28.6,47,2,1,Yoga,Normal,Beginner_Yoga_2x,Beginner,Beginner Yoga,1,3,1,7
55,Male,40.09,25.9,46,3,1,Strength,Elderly,Beginner_Strength_3x,Beginner,Beginner Strength,1,2,0,6
52,Male,24.78,23.4,71,2,1,Cardio,Elderly,Beginner_Cardio_2x,Beginner,Beginner Cardio,1,0,0,4
47,Male,25.54,28.2,43,3,1,Endurance,Normal,Beginner_Endurance_3x,Beginner,Beginner Endurance,1,1,1,5
48,Male,21.83,28.0,63,4,2,Yoga,Normal,Intermediate_Yoga_4x,Intermediate,Intermediate Yoga,1,3,1,11
22,Male,41.56,28.5,74,3,2,Yoga,Normal,Intermediate_Yoga_3x,Intermediate,Intermediate Yoga,1,3,1,11
31,Female,26.47,26.2,76,4,2,Cardio,Normal,Intermediate_Cardio_4x,Intermediate,Intermediate Cardio,0,0,1,8
28,Female,26.14,34.7,68,3,2,Cardio,Normal,Intermediate_Cardio_3x,Intermediate,Intermediate Cardio,0,0,1,8
26,Female,31.64,34.6,69,2,1,Cardio,Normal,Beginner_Cardio_2x,Beginner,Beginner Cardio,0,0,1,4
51,Male,33.61,11.8,94,4,3,Cardio,Elderly,Advanced_Cardio_4x,Advanced,Advanced Cardio,1,0,0,0
29,Female,23.33,25.7,79,4,2,Yoga,Normal,Intermediate_Yoga_4x,Intermediate,Intermediate Yoga,0,3,1,11
52,Female,23.79,15.8,100,4,3,Endurance,Elderly,Advanced_Endurance_4x,Advanced,Advanced Endurance,0,1,0,1
52,Female,28.28,34.9,61,3,2,Endurance,Elderly,Intermediate_Endurance_3x,Intermediate,Intermediate Endurance,0,1,0,9
18,Male,44.1,25.6,56,3,1,Cardio,Normal,Beginner_Cardio_3x,Beginner,Beginner Cardio,1,0,1,4
57,Male,14.07,23.6,68,3,2,Strength,Elderly,Intermediate_Strength_3x,Intermediate,Intermediate Strength,1,2,0,10
39,Male,27.18,22.9,53,3,1,Yoga,Normal,Beginner_Yoga_3x,Beginner,Beginner Yoga,1,3,1,7
46,Male,20.76,22.6,79,4,2,Endurance,Normal,Intermediate_Endurance_4x,Intermediate,Intermediate Endurance,1,1,1,9
25,Female,22.6,31.6,57,2,1,Cardio,Normal,Beginner_Cardio_2x,Beginner,Beginner Cardio,0,0,1,4
28,Female,24.13,29.2,37,3,1,Strength,Normal,Beginner_Strength_3x,Beginner,Beginner Strength,0,2,1,6
58,Female,23.75,19.8,118,4,3,Strength,Elderly,Advanced_Strength_4x,Advanced,Advanced Strength,0,2,0,2
54,Female,28.68,31.8,68,3,1,Cardio,Elderly,Beginner_Cardio_3x,Beginner,Beginner Cardio,0,0,0,4
31,Male,30.43,14.0,103,4,3,Yoga,Normal,Advanced_Yoga_4x,Advanced,Advanced Yoga,1,3,1,3
47,Male,27.2,22.9,46,3,1,Endurance,Normal,Beginner_Endurance_3x,Beginner,Beginner Endurance,1,1,1,5
52,Male,24.23,20.8,78,4,2,Strength,Elderly,Intermediate_Strength_4x,Intermediate,Intermediate Strength,1,2,0,10
38,Female,16.01,29.9,61,3,2,Endurance,Normal,Intermediate_Endurance_3x,Intermediate,Intermediate Endurance,0,1,1,9
54,Male,44.66,23.1,62,4,2,Endurance,Elderly,Intermediate_Endurance_4x,Intermediate,Intermediate Endurance,1,1,0,9
22,Male,35.47,22.0,80,2,1,Strength,Normal,Beginner_Strength_2x,Beginner,Beginner Strength,1,2,1,6
36,Female,18.65,34.5,51,2,1,Cardio,Normal,Beginner_Cardio_2x,Beginner,Beginner Cardio,0,0,1,4
31,Female,19.82,29.4,34,3,1,Strength,Normal,Beginner_Strength_3x,Beginner,Beginner Strength,0,2,1,6
43,Male,17.39,21.7,71,2,1,Strength,Normal,Beginner_Strength_2x,Beginner,Beginner Strength,1,2,1,6
21,Male,25.85,22.0,79,3,2,Yoga,Normal,Intermediate_Yoga_3x,Intermediate,Intermediate Yoga,1,3,1,11
42,Male,27.55,11.4,106,4,3,Endurance,Normal,Advanced_Endurance_4x,Advanced,Advanced Endurance,1,1,1,1
59,Male,30.66,15.0,119,5,3,Cardio,Elderly,Advanced_Cardio_5x,Advanced,Advanced Cardio,1,0,0,0
42,Male,20.07,22.7,83,3,2,Endurance,Normal,Intermediate_Endurance_3x,Intermediate,Intermediate Endurance,1,1,1,9
35,Male,48.43,23.3,61,4,2,Strength,Normal,Intermediate_Strength_4x,Intermediate,Intermediate Strength,1,2,1,10
57,Female,27.11,31.6,63,3,2,Cardio,Elderly,Intermediate_Cardio_3x,Intermediate,Intermediate Cardio,0,0,0,8
25,Female,22.99,27.9,72,3,1,Cardio,Normal,Beginner_Cardio_3x,Beginner,Beginner Cardio,0,0,1,4
56,Female,23.79,16.1,115,5,3,Cardio,Elderly,Advanced_Cardio_5x,Advanced,Advanced Cardio,0,0,0,0
57,Male,31.74,21.6,73,3,2,Cardio,Elderly,Intermediate_Cardio_3x,Intermediate,Intermediate Cardio,1,0,0,8
31,Female,29.23,28.1,83,4,2,Yoga,Normal,Intermediate_Yoga_4x,Intermediate,Intermediate Yoga,0,3,1,11
49,Male,16.01,21.1,68,2,1,Cardio,Normal,Beginner_Cardio_2x,Beginner,Beginner Cardio,1,0,1,4
55,Male,21.34,20.2,72,4,2,Strength,Elderly,Intermediate_Strength_4x,Intermediate,Intermediate Strength,1,2,0,10
50,Female,21.67,33.0,62,3,2,Yoga,Normal,Intermediate_Yoga_3x,Intermediate,Intermediate Yoga,0,3,1,11
40,Male,25.14,10.7,118,5,3,Strength,Normal,Advanced_Strength_5x,Advanced,Advanced Strength,1,2,1,2
32,Male,26.22,27.8,74,3,2,Strength,Normal,Intermediate_Strength_3x,Intermediate,Intermediate Strength,1,2,1,10
50,Female,23.02,33.0,79,3,1,Endurance,Normal,Beginner_Endurance_3x,Beginner,Beginner Endurance,0,1,1,5
42,Female,23.41,17.7,110,4,3,Cardio,Normal,Advanced_Cardio_4x,Advanced,Advanced Cardio,0,0,1,0
34,Female,23.28,28.1,49,3,1,Cardio,Normal,Beginner_Cardio_3x,Beginner,Beginner Cardio,0,0,1,4
50,Male,36.8,21.5,70,4,2,Strength,Normal,Intermediate_Strength_4x,Intermediate,Intermediate Strength,1,2,1,10
19,Female,27.03,32.4,70,3,1,Cardio,Normal,Beginner_Cardio_3x,Beginner,Beginner Cardio,0,0,1,4
31,Female,23.88,31.0,61,4,2,Yoga,Normal,Intermediate_Yoga_4x,Intermediate,Intermediate Yoga,0,3,1,11
57,Male,30.63,13.3,94,4,3,Endurance,Elderly,Advanced_Endurance_4x,Advanced,Advanced Endurance,1,1,0,1
57,Female,14.3,25.1,83,2,1,Cardio,Elderly,Beginner_Cardio_2x,Beginner,Beginner Cardio,0,0,0,4
56,Female,22.48,19.6,119,5,3,Cardio,Elderly,Advanced_Cardio_5x,Advanced,Advanced Cardio,0,0,0,0
23,Female,16.8,25.7,35,2,1,Yoga,Normal,Beginner_Yoga_2x,Beginner,Beginner Yoga,0,3,1,7
23,Male,23.93,11.8,112,5,3,Endurance,Normal,Advanced_Endurance_5x,Advanced,Advanced Endurance,1,1,1,1
20,Male,21.48,24.0,67,4,2,Yoga,Normal,Intermediate_Yoga_4x,Intermediate,Intermediate Yoga,1,3,1,11
24,Male,28.77,10.0,94,4,3,Strength,Normal,Advanced_Strength_4x,Advanced,Advanced Strength,1,2,1,2
25,Male,25.69,25.0,83,2,1,Strength,Normal,Beginner_Strength_2x,Beginner,Beginner Strength,1,2,1,6
59,Female,19.5,18.8,103,5,3,Cardio,Elderly,Advanced_Cardio_5x,Advanced,Advanced Cardio,0,0,0,0
32,Male,37.74,28.2,66,3,2,Endurance,Normal,Intermediate_Endurance_3x,Intermediate,Intermediate Endurance,1,1,1,9
46,Male,33.38,28.8,45,2,1,Strength,Normal,Beginner_Strength_2x,Beginner,Beginner Strength,1,2,1,6
